#
# There is insufficient memory for the Java Runtime Environment to continue.
# Native memory allocation (mmap) failed to map 306184192 bytes. Error detail: G1 virtual space
# Possible reasons:
#   The system is out of physical RAM or swap space
#   This process is running with CompressedOops enabled, and the Java Heap may be blocking the growth of the native heap
# Possible solutions:
#   Reduce memory load on the system
#   Increase physical memory or swap space
#   Check if swap backing store is full
#   Decrease Java heap size (-Xmx/-Xms)
#   Decrease number of Java threads
#   Decrease Java thread stack sizes (-Xss)
#   Set larger code cache with -XX:ReservedCodeCacheSize=
#   JVM is running with Zero Based Compressed Oops mode in which the Java heap is
#     placed in the first 32GB address space. The Java Heap base address is the
#     maximum limit for the native heap growth. Please use -XX:HeapBaseMinAddress
#     to set the Java Heap base and to place the Java Heap above 32GB virtual address.
# This output file may be truncated or incomplete.
#
#  Out of Memory Error (os_windows.cpp:3926), pid=26136, tid=27476
#
# JRE version: OpenJDK Runtime Environment (21.0.10) (build 21.0.10+-14961533-b1163.108)
# Java VM: OpenJDK 64-Bit Server VM (21.0.10+-14961533-b1163.108, mixed mode, tiered, compressed oops, compressed class ptrs, g1 gc, windows-amd64)
# No core dump will be written. Minidumps are not enabled by default on client versions of Windows
#

---------------  S U M M A R Y ------------

Command Line: --add-opens=java.base/java.lang=ALL-UNNAMED --add-opens=java.base/java.lang.invoke=ALL-UNNAMED --add-opens=java.base/java.util=ALL-UNNAMED --add-opens=java.prefs/java.util.prefs=ALL-UNNAMED --add-exports=jdk.compiler/com.sun.tools.javac.api=ALL-UNNAMED --add-exports=jdk.compiler/com.sun.tools.javac.util=ALL-UNNAMED --add-opens=java.base/java.util=ALL-UNNAMED --add-opens=java.prefs/java.util.prefs=ALL-UNNAMED --add-opens=java.base/java.nio.charset=ALL-UNNAMED --add-opens=java.base/java.net=ALL-UNNAMED --add-opens=java.base/java.util.concurrent.atomic=ALL-UNNAMED --add-opens=java.xml/javax.xml.namespace=ALL-UNNAMED -Xmx4096m -Dfile.encoding=UTF-8 -Duser.country=US -Duser.language=en -Duser.variant -javaagent:C:\Users\HP\.gradle\wrapper\dists\gradle-8.13-bin\5xuhj0ry160q40clulazy9h7d\gradle-8.13\lib\agents\gradle-instrumentation-agent-8.13.jar org.gradle.launcher.daemon.bootstrap.GradleDaemon 8.13

Host: Intel(R) Core(TM) i5-6300U CPU @ 2.40GHz, 4 cores, 15G,  Windows 11 , 64 bit Build 26100 (10.0.26100.8115)
Time: Fri Apr 10 21:12:02 2026 Romance Standard Time elapsed time: 3193.633298 seconds (0d 0h 53m 13s)

---------------  T H R E A D  ---------------

Current thread (0x000001cc7edee600):  VMThread "VM Thread"          [id=27476, stack(0x00000010b3f00000,0x00000010b4000000) (1024K)]

Stack: [0x00000010b3f00000,0x00000010b4000000]
Native frames: (J=compiled Java code, j=interpreted, Vv=VM code, C=native code)
V  [jvm.dll+0x6d78a9]
V  [jvm.dll+0x8665b3]
V  [jvm.dll+0x868bde]
V  [jvm.dll+0x8692c3]
V  [jvm.dll+0x280ee6]
V  [jvm.dll+0x6d4165]
V  [jvm.dll+0x6c77fa]
V  [jvm.dll+0x358f4b]
V  [jvm.dll+0x360bc6]
V  [jvm.dll+0x3b2ea6]
V  [jvm.dll+0x3b3178]
V  [jvm.dll+0x32b65c]
V  [jvm.dll+0x32b6e7]
V  [jvm.dll+0x3715cc]
V  [jvm.dll+0x36fd7e]
V  [jvm.dll+0x32adb1]
V  [jvm.dll+0x36f480]
V  [jvm.dll+0x86f048]
V  [jvm.dll+0x870394]
V  [jvm.dll+0x8708d0]
V  [jvm.dll+0x870b63]
V  [jvm.dll+0x80fd28]
V  [jvm.dll+0x6d60fd]
C  [ucrtbase.dll+0x37b0]
C  [KERNEL32.DLL+0x2e8d7]
C  [ntdll.dll+0x8c3fc]

VM_Operation (0x00000010ba7fcdd0): G1CollectForAllocation, mode: safepoint, requested by thread 0x000001cc250150c0


---------------  P R O C E S S  ---------------

Threads class SMR info:
_java_thread_list=0x000001cc1ae889f0, length=104, elements={
0x000001cc76487c10, 0x000001cc7ef7ebb0, 0x000001cc7efad040, 0x000001cc7efafa70,
0x000001cc7ef96b80, 0x000001cc7ef975e0, 0x000001cc7ef98040, 0x000001cc7ef98aa0,
0x000001cc7ef9a840, 0x000001cc7efb5520, 0x000001cc7f36afb0, 0x000001cc177dc410,
0x000001cc180270d0, 0x000001cc178505f0, 0x000001cc1756bf90, 0x000001cc1756b270,
0x000001cc19d991b0, 0x000001cc19d9a560, 0x000001cc19d98b20, 0x000001cc19d99ed0,
0x000001cc19d99840, 0x000001cc19ae95d0, 0x000001cc1915c5a0, 0x000001cc1915b1f0,
0x000001cc1c267570, 0x000001cc1c2661c0, 0x000001cc1b9213a0, 0x000001cc1b91f2d0,
0x000001cc1b920680, 0x000001cc224a8100, 0x000001cc19b7a0a0, 0x000001cc24a0ecf0,
0x000001cc22bfa750, 0x000001cc25018bd0, 0x000001cc22bf8d10, 0x000001cc22899650,
0x000001cc22bfb470, 0x000001cc222ba4f0, 0x000001cc222b9e60, 0x000001cc222bab80,
0x000001cc222bb210, 0x000001cc1b922750, 0x000001cc1b922de0, 0x000001cc222b8ab0,
0x000001cc222bb8a0, 0x000001cc222b8420, 0x000001cc222bbf30, 0x000001cc21850560,
0x000001cc222bc5c0, 0x000001cc1b91f960, 0x000001cc1b923470, 0x000001cc222b9140,
0x000001cc222bcc50, 0x000001cc222b97d0, 0x000001cc222bd2e0, 0x000001cc222bed20,
0x000001cc222bd970, 0x000001cc222be000, 0x000001cc222be690, 0x000001cc21851fa0,
0x000001cc21850bf0, 0x000001cc1b924820, 0x000001cc2294c6f0, 0x000001cc2294acb0,
0x000001cc1b923b00, 0x000001cc222bf3b0, 0x000001cc21a1e820, 0x000001cc21a20260,
0x000001cc21852cc0, 0x000001cc25010890, 0x000001cc2294daa0, 0x000001cc2294e130,
0x000001cc2294ee50, 0x000001cc2294e7c0, 0x000001cc2294b9d0, 0x000001cc2294f4e0,
0x000001cc21a1cde0, 0x000001cc2294fb70, 0x000001cc22950200, 0x000001cc2294cd80,
0x000001cc21a1db00, 0x000001cc21851910, 0x000001cc21853350, 0x000001cc218539e0,
0x000001cc25010f20, 0x000001cc224a8e20, 0x000001cc250143a0, 0x000001cc2294d410,
0x000001cc187ac020, 0x000001cc22bf7960, 0x000001cc187ae780, 0x000001cc187aee10,
0x000001cc187ad3d0, 0x000001cc25014a30, 0x000001cc250115b0, 0x000001cc187acd40,
0x000001cc211d2fa0, 0x000001cc211d3630, 0x000001cc211d1bf0, 0x000001cc211d4350,
0x000001cc187ac6b0, 0x000001cc250150c0, 0x000001cc25015750, 0x000001cc22bf6c40
}

Java Threads: ( => current thread )
  0x000001cc76487c10 JavaThread "main"                              [_thread_blocked, id=18596, stack(0x00000010b3800000,0x00000010b3900000) (1024K)]
  0x000001cc7ef7ebb0 JavaThread "Common-Cleaner"             daemon [_thread_blocked, id=22124, stack(0x00000010b4000000,0x00000010b4100000) (1024K)]
  0x000001cc7efad040 JavaThread "Reference Handler"          daemon [_thread_blocked, id=28412, stack(0x00000010b4100000,0x00000010b4200000) (1024K)]
  0x000001cc7efafa70 JavaThread "Finalizer"                  daemon [_thread_blocked, id=25044, stack(0x00000010b4200000,0x00000010b4300000) (1024K)]
  0x000001cc7ef96b80 JavaThread "Signal Dispatcher"          daemon [_thread_blocked, id=22404, stack(0x00000010b4300000,0x00000010b4400000) (1024K)]
  0x000001cc7ef975e0 JavaThread "Attach Listener"            daemon [_thread_blocked, id=7876, stack(0x00000010b4400000,0x00000010b4500000) (1024K)]
  0x000001cc7ef98040 JavaThread "Service Thread"             daemon [_thread_blocked, id=4964, stack(0x00000010b4500000,0x00000010b4600000) (1024K)]
  0x000001cc7ef98aa0 JavaThread "Monitor Deflation Thread"   daemon [_thread_blocked, id=2864, stack(0x00000010b4600000,0x00000010b4700000) (1024K)]
  0x000001cc7ef9a840 JavaThread "C2 CompilerThread0"         daemon [_thread_blocked, id=11328, stack(0x00000010b4700000,0x00000010b4800000) (1024K)]
  0x000001cc7efb5520 JavaThread "C1 CompilerThread0"         daemon [_thread_blocked, id=27208, stack(0x00000010b4800000,0x00000010b4900000) (1024K)]
  0x000001cc7f36afb0 JavaThread "Notification Thread"        daemon [_thread_blocked, id=23748, stack(0x00000010b4900000,0x00000010b4a00000) (1024K)]
  0x000001cc177dc410 JavaThread "Daemon health stats"               [_thread_blocked, id=13884, stack(0x00000010b4d00000,0x00000010b4e00000) (1024K)]
  0x000001cc180270d0 JavaThread "Incoming local TCP Connector on port 57581"        [_thread_in_native, id=25644, stack(0x00000010b4f00000,0x00000010b5000000) (1024K)]
  0x000001cc178505f0 JavaThread "Daemon periodic checks"            [_thread_blocked, id=24988, stack(0x00000010b5000000,0x00000010b5100000) (1024K)]
  0x000001cc1756bf90 JavaThread "Cache worker for journal cache (C:\Users\HP\.gradle\caches\journal-1)"        [_thread_blocked, id=2936, stack(0x00000010b4e00000,0x00000010b4f00000) (1024K)]
  0x000001cc1756b270 JavaThread "File lock request listener"        [_thread_in_native, id=21452, stack(0x00000010b5800000,0x00000010b5900000) (1024K)]
  0x000001cc19d991b0 JavaThread "Cache worker for file hash cache (C:\Users\HP\.gradle\caches\8.13\fileHashes)"        [_thread_blocked, id=10312, stack(0x00000010b5900000,0x00000010b5a00000) (1024K)]
  0x000001cc19d9a560 JavaThread "jar transforms"                    [_thread_blocked, id=21080, stack(0x00000010b5a00000,0x00000010b5b00000) (1024K)]
  0x000001cc19d98b20 JavaThread "jar transforms Thread 2"           [_thread_blocked, id=14168, stack(0x00000010b5e00000,0x00000010b5f00000) (1024K)]
  0x000001cc19d99ed0 JavaThread "Cache worker for file content cache (C:\Users\HP\.gradle\caches\8.13\fileContent)"        [_thread_blocked, id=6032, stack(0x00000010b6000000,0x00000010b6100000) (1024K)]
  0x000001cc19d99840 JavaThread "jar transforms Thread 3"           [_thread_blocked, id=22824, stack(0x00000010b6100000,0x00000010b6200000) (1024K)]
  0x000001cc19ae95d0 JavaThread "jar transforms Thread 4"           [_thread_blocked, id=27004, stack(0x00000010b6a00000,0x00000010b6b00000) (1024K)]
  0x000001cc1915c5a0 JavaThread "Memory manager"                    [_thread_blocked, id=17504, stack(0x00000010b7f00000,0x00000010b8000000) (1024K)]
  0x000001cc1915b1f0 JavaThread "pool-3-thread-1"                   [_thread_blocked, id=23400, stack(0x00000010b3600000,0x00000010b3700000) (1024K)]
  0x000001cc1c267570 JavaThread "RMI Scheduler(0)"           daemon [_thread_blocked, id=20912, stack(0x00000010b9800000,0x00000010b9900000) (1024K)]
  0x000001cc1c2661c0 JavaThread "RMI GC Daemon"              daemon [_thread_blocked, id=26864, stack(0x00000010b9a00000,0x00000010b9b00000) (1024K)]
  0x000001cc1b9213a0 JavaThread "RMI TCP Accept-0"           daemon [_thread_in_native, id=27740, stack(0x00000010b8f00000,0x00000010b9000000) (1024K)]
  0x000001cc1b91f2d0 JavaThread "RMI Reaper"                        [_thread_blocked, id=27140, stack(0x00000010b9b00000,0x00000010b9c00000) (1024K)]
  0x000001cc1b920680 JavaThread "Cache worker for Java compile cache (C:\Users\HP\.gradle\caches\8.13\javaCompile)"        [_thread_blocked, id=18104, stack(0x00000010b3700000,0x00000010b3800000) (1024K)]
  0x000001cc224a8100 JavaThread "pool-7-thread-1"                   [_thread_blocked, id=22876, stack(0x00000010b7900000,0x00000010b7a00000) (1024K)]
  0x000001cc19b7a0a0 JavaThread "pool-11-thread-1"                  [_thread_blocked, id=25128, stack(0x00000010b6f00000,0x00000010b7000000) (1024K)]
  0x000001cc24a0ecf0 JavaThread "pool-14-thread-1"                  [_thread_blocked, id=15060, stack(0x00000010b7a00000,0x00000010b7b00000) (1024K)]
  0x000001cc22bfa750 JavaThread "pool-18-thread-1"                  [_thread_blocked, id=25212, stack(0x00000010b7d00000,0x00000010b7e00000) (1024K)]
  0x000001cc25018bd0 JavaThread "pool-22-thread-1"                  [_thread_blocked, id=14176, stack(0x00000010b7b00000,0x00000010b7c00000) (1024K)]
  0x000001cc22bf8d10 JavaThread "pool-26-thread-1"                  [_thread_blocked, id=15836, stack(0x00000010b7000000,0x00000010b7100000) (1024K)]
  0x000001cc22899650 JavaThread "pool-29-thread-1"                  [_thread_blocked, id=25260, stack(0x00000010b7e00000,0x00000010b7f00000) (1024K)]
  0x000001cc22bfb470 JavaThread "pool-33-thread-1"                  [_thread_blocked, id=25040, stack(0x00000010b8200000,0x00000010b8300000) (1024K)]
  0x000001cc222ba4f0 JavaThread "RMI TCP Connection(idle)"   daemon [_thread_blocked, id=13668, stack(0x00000010b5100000,0x00000010b5200000) (1024K)]
  0x000001cc222b9e60 JavaThread "RMI TCP Connection(idle)"   daemon [_thread_blocked, id=13196, stack(0x00000010b5200000,0x00000010b5300000) (1024K)]
  0x000001cc222bab80 JavaThread "Daemon Thread 9"                   [_thread_blocked, id=28352, stack(0x00000010b5300000,0x00000010b5400000) (1024K)]
  0x000001cc222bb210 JavaThread "Handler for socket connection from /127.0.0.1:57581 to /127.0.0.1:56315"        [_thread_in_native, id=15104, stack(0x00000010b5400000,0x00000010b5500000) (1024K)]
  0x000001cc1b922750 JavaThread "Cancel handler"                    [_thread_blocked, id=16500, stack(0x00000010b5500000,0x00000010b5600000) (1024K)]
  0x000001cc1b922de0 JavaThread "Daemon worker Thread 9"            [_thread_blocked, id=18008, stack(0x00000010b5600000,0x00000010b5700000) (1024K)]
  0x000001cc222b8ab0 JavaThread "Asynchronous log dispatcher for DefaultDaemonConnection: socket connection from /127.0.0.1:57581 to /127.0.0.1:56315"        [_thread_blocked, id=21580, stack(0x00000010b5700000,0x00000010b5800000) (1024K)]
  0x000001cc222bb8a0 JavaThread "Stdin handler"                     [_thread_blocked, id=21908, stack(0x00000010b5b00000,0x00000010b5c00000) (1024K)]
  0x000001cc222b8420 JavaThread "Daemon client event forwarder"        [_thread_blocked, id=14028, stack(0x00000010b5c00000,0x00000010b5d00000) (1024K)]
  0x000001cc222bbf30 JavaThread "Cache worker for file hash cache (C:\Users\HP\AndroidStudioProjects\kotlin 2\.gradle\8.13\fileHashes)"        [_thread_blocked, id=28588, stack(0x00000010b5d00000,0x00000010b5e00000) (1024K)]
  0x000001cc21850560 JavaThread "Cache worker for Build Output Cleanup Cache (C:\Users\HP\AndroidStudioProjects\kotlin 2\.gradle\buildOutputCleanup)"        [_thread_blocked, id=25488, stack(0x00000010b5f00000,0x00000010b6000000) (1024K)]
  0x000001cc222bc5c0 JavaThread "Cache worker for checksums cache (C:\Users\HP\AndroidStudioProjects\kotlin 2\.gradle\8.13\checksums)"        [_thread_blocked, id=11500, stack(0x00000010b6300000,0x00000010b6400000) (1024K)]
  0x000001cc1b91f960 JavaThread "Cache worker for cache directory md-supplier (C:\Users\HP\.gradle\caches\8.13\md-supplier)"        [_thread_blocked, id=22108, stack(0x00000010b6400000,0x00000010b6500000) (1024K)]
  0x000001cc1b923470 JavaThread "Cache worker for cache directory md-rule (C:\Users\HP\.gradle\caches\8.13\md-rule)"        [_thread_blocked, id=7980, stack(0x00000010b6500000,0x00000010b6600000) (1024K)]
  0x000001cc222b9140 JavaThread "Unconstrained build operations"        [_thread_blocked, id=11008, stack(0x00000010b6600000,0x00000010b6700000) (1024K)]
  0x000001cc222bcc50 JavaThread "Unconstrained build operations Thread 2"        [_thread_blocked, id=6556, stack(0x00000010b6700000,0x00000010b6800000) (1024K)]
  0x000001cc222b97d0 JavaThread "Unconstrained build operations Thread 3"        [_thread_blocked, id=24064, stack(0x00000010b6800000,0x00000010b6900000) (1024K)]
  0x000001cc222bd2e0 JavaThread "Unconstrained build operations Thread 4"        [_thread_blocked, id=28260, stack(0x00000010b6900000,0x00000010b6a00000) (1024K)]
  0x000001cc222bed20 JavaThread "Unconstrained build operations Thread 5"        [_thread_blocked, id=21372, stack(0x00000010b6b00000,0x00000010b6c00000) (1024K)]
  0x000001cc222bd970 JavaThread "Unconstrained build operations Thread 6"        [_thread_blocked, id=25096, stack(0x00000010b6c00000,0x00000010b6d00000) (1024K)]
  0x000001cc222be000 JavaThread "Unconstrained build operations Thread 7"        [_thread_blocked, id=19840, stack(0x00000010b6d00000,0x00000010b6e00000) (1024K)]
  0x000001cc222be690 JavaThread "Unconstrained build operations Thread 8"        [_thread_blocked, id=9752, stack(0x00000010b6e00000,0x00000010b6f00000) (1024K)]
  0x000001cc21851fa0 JavaThread "Unconstrained build operations Thread 9"        [_thread_blocked, id=8524, stack(0x00000010b7100000,0x00000010b7200000) (1024K)]
  0x000001cc21850bf0 JavaThread "Unconstrained build operations Thread 10"        [_thread_blocked, id=20392, stack(0x00000010b7200000,0x00000010b7300000) (1024K)]
  0x000001cc1b924820 JavaThread "Problems report writer"            [_thread_blocked, id=9916, stack(0x00000010b7300000,0x00000010b7400000) (1024K)]
  0x000001cc2294c6f0 JavaThread "Unconstrained build operations Thread 11"        [_thread_blocked, id=29028, stack(0x00000010b7400000,0x00000010b7500000) (1024K)]
  0x000001cc2294acb0 JavaThread "Unconstrained build operations Thread 12"        [_thread_blocked, id=23464, stack(0x00000010b7500000,0x00000010b7600000) (1024K)]
  0x000001cc1b923b00 JavaThread "Unconstrained build operations Thread 13"        [_thread_blocked, id=13140, stack(0x00000010b7600000,0x00000010b7700000) (1024K)]
  0x000001cc222bf3b0 JavaThread "Unconstrained build operations Thread 14"        [_thread_blocked, id=9244, stack(0x00000010b7700000,0x00000010b7800000) (1024K)]
  0x000001cc21a1e820 JavaThread "Unconstrained build operations Thread 15"        [_thread_blocked, id=24032, stack(0x00000010b6200000,0x00000010b6300000) (1024K)]
  0x000001cc21a20260 JavaThread "Unconstrained build operations Thread 16"        [_thread_blocked, id=29432, stack(0x00000010b7800000,0x00000010b7900000) (1024K)]
  0x000001cc21852cc0 JavaThread "build event listener"              [_thread_blocked, id=9740, stack(0x00000010b8000000,0x00000010b8100000) (1024K)]
  0x000001cc25010890 JavaThread "build event listener"              [_thread_blocked, id=10344, stack(0x00000010b8100000,0x00000010b8200000) (1024K)]
  0x000001cc2294daa0 JavaThread "pool-37-thread-1"                  [_thread_blocked, id=2948, stack(0x00000010b8300000,0x00000010b8400000) (1024K)]
  0x000001cc2294e130 JavaThread "build event listener"              [_thread_blocked, id=22672, stack(0x00000010b8400000,0x00000010b8500000) (1024K)]
  0x000001cc2294ee50 JavaThread "included builds"                   [_thread_blocked, id=27220, stack(0x00000010b8500000,0x00000010b8600000) (1024K)]
  0x000001cc2294e7c0 JavaThread "Execution worker"                  [_thread_blocked, id=10072, stack(0x00000010b8600000,0x00000010b8700000) (1024K)]
  0x000001cc2294b9d0 JavaThread "Execution worker Thread 2"         [_thread_blocked, id=828, stack(0x00000010b8700000,0x00000010b8800000) (1024K)]
  0x000001cc2294f4e0 JavaThread "Execution worker Thread 3"         [_thread_blocked, id=16412, stack(0x00000010b8800000,0x00000010b8900000) (1024K)]
  0x000001cc21a1cde0 JavaThread "Cache worker for execution history cache (C:\Users\HP\AndroidStudioProjects\kotlin 2\.gradle\8.13\executionHistory)"        [_thread_blocked, id=29508, stack(0x00000010b8900000,0x00000010b8a00000) (1024K)]
  0x000001cc2294fb70 JavaThread "Unconstrained build operations Thread 17"        [_thread_blocked, id=2896, stack(0x00000010b8a00000,0x00000010b8b00000) (1024K)]
  0x000001cc22950200 JavaThread "Unconstrained build operations Thread 18"        [_thread_blocked, id=16216, stack(0x00000010b8b00000,0x00000010b8c00000) (1024K)]
  0x000001cc2294cd80 JavaThread "Unconstrained build operations Thread 19"        [_thread_blocked, id=26200, stack(0x00000010b8c00000,0x00000010b8d00000) (1024K)]
  0x000001cc21a1db00 JavaThread "Unconstrained build operations Thread 20"        [_thread_blocked, id=19156, stack(0x00000010b8d00000,0x00000010b8e00000) (1024K)]
  0x000001cc21851910 JavaThread "Unconstrained build operations Thread 21"        [_thread_blocked, id=5416, stack(0x00000010b8e00000,0x00000010b8f00000) (1024K)]
  0x000001cc21853350 JavaThread "Unconstrained build operations Thread 22"        [_thread_blocked, id=28040, stack(0x00000010b9000000,0x00000010b9100000) (1024K)]
  0x000001cc218539e0 JavaThread "Unconstrained build operations Thread 23"        [_thread_blocked, id=28868, stack(0x00000010b9100000,0x00000010b9200000) (1024K)]
  0x000001cc25010f20 JavaThread "Unconstrained build operations Thread 24"        [_thread_blocked, id=27904, stack(0x00000010b9200000,0x00000010b9300000) (1024K)]
  0x000001cc224a8e20 JavaThread "Unconstrained build operations Thread 25"        [_thread_blocked, id=16272, stack(0x00000010b9300000,0x00000010b9400000) (1024K)]
  0x000001cc250143a0 JavaThread "Unconstrained build operations Thread 26"        [_thread_blocked, id=14432, stack(0x00000010b9400000,0x00000010b9500000) (1024K)]
  0x000001cc2294d410 JavaThread "Unconstrained build operations Thread 27"        [_thread_blocked, id=16084, stack(0x00000010b9500000,0x00000010b9600000) (1024K)]
  0x000001cc187ac020 JavaThread "Unconstrained build operations Thread 28"        [_thread_blocked, id=21528, stack(0x00000010b9600000,0x00000010b9700000) (1024K)]
  0x000001cc22bf7960 JavaThread "WorkerExecutor Queue"              [_thread_blocked, id=16004, stack(0x00000010b7c00000,0x00000010b7d00000) (1024K)]
  0x000001cc187ae780 JavaThread "Unconstrained build operations Thread 29"        [_thread_blocked, id=21636, stack(0x00000010b9900000,0x00000010b9a00000) (1024K)]
  0x000001cc187aee10 JavaThread "Unconstrained build operations Thread 30"        [_thread_blocked, id=17668, stack(0x00000010b9c00000,0x00000010b9d00000) (1024K)]
  0x000001cc187ad3d0 JavaThread "Unconstrained build operations Thread 31"        [_thread_blocked, id=21848, stack(0x00000010b9d00000,0x00000010b9e00000) (1024K)]
  0x000001cc25014a30 JavaThread "RMI TCP Connection(idle)"   daemon [_thread_blocked, id=28668, stack(0x00000010b9700000,0x00000010b9800000) (1024K)]
  0x000001cc250115b0 JavaThread "RMI TCP Connection(idle)"   daemon [_thread_blocked, id=25024, stack(0x00000010b9f00000,0x00000010ba000000) (1024K)]
  0x000001cc187acd40 JavaThread "Unconstrained build operations Thread 32"        [_thread_blocked, id=19868, stack(0x00000010ba000000,0x00000010ba100000) (1024K)]
  0x000001cc211d2fa0 JavaThread "Build operations"                  [_thread_blocked, id=6004, stack(0x00000010ba200000,0x00000010ba300000) (1024K)]
  0x000001cc211d3630 JavaThread "Build operations Thread 2"         [_thread_blocked, id=10952, stack(0x00000010ba300000,0x00000010ba400000) (1024K)]
  0x000001cc211d1bf0 JavaThread "Build operations Thread 3"         [_thread_blocked, id=9108, stack(0x00000010ba400000,0x00000010ba500000) (1024K)]
  0x000001cc211d4350 JavaThread "Unconstrained build operations Thread 33"        [_thread_blocked, id=19144, stack(0x00000010ba500000,0x00000010ba600000) (1024K)]
  0x000001cc187ac6b0 JavaThread "Build operations Thread 4"         [_thread_blocked, id=22720, stack(0x00000010ba600000,0x00000010ba700000) (1024K)]
  0x000001cc250150c0 JavaThread "WorkerExecutor Queue Thread 3"        [_thread_blocked, id=29412, stack(0x00000010ba700000,0x00000010ba800000) (1024K)]
  0x000001cc25015750 JavaThread "WorkerExecutor Queue Thread 4"        [_thread_blocked, id=10868, stack(0x00000010ba800000,0x00000010ba900000) (1024K)]
  0x000001cc22bf6c40 JavaThread "WorkerExecutor Queue Thread 5"        [_thread_blocked, id=16312, stack(0x00000010ba900000,0x00000010baa00000) (1024K)]
Total: 104

Other Threads:
=>0x000001cc7edee600 VMThread "VM Thread"                           [id=27476, stack(0x00000010b3f00000,0x00000010b4000000) (1024K)]
  0x000001cc7ed6fb30 WatcherThread "VM Periodic Task Thread"        [id=16896, stack(0x00000010b3e00000,0x00000010b3f00000) (1024K)]
  0x000001cc788d9c10 WorkerThread "GC Thread#0"                     [id=26656, stack(0x00000010b3900000,0x00000010b3a00000) (1024K)]
  0x000001cc7f660db0 WorkerThread "GC Thread#1"                     [id=25176, stack(0x00000010b4a00000,0x00000010b4b00000) (1024K)]
  0x000001cc7f661160 WorkerThread "GC Thread#2"                     [id=21828, stack(0x00000010b4b00000,0x00000010b4c00000) (1024K)]
  0x000001cc7f661510 WorkerThread "GC Thread#3"                     [id=13832, stack(0x00000010b4c00000,0x00000010b4d00000) (1024K)]
  0x000001cc7654dfc0 ConcurrentGCThread "G1 Main Marker"            [id=15056, stack(0x00000010b3a00000,0x00000010b3b00000) (1024K)]
  0x000001cc7654e9e0 WorkerThread "G1 Conc#0"                       [id=23384, stack(0x00000010b3b00000,0x00000010b3c00000) (1024K)]
  0x000001cc7892e9f0 ConcurrentGCThread "G1 Refine#0"               [id=28652, stack(0x00000010b3c00000,0x00000010b3d00000) (1024K)]
  0x000001cc7ec382c0 ConcurrentGCThread "G1 Service"                [id=25728, stack(0x00000010b3d00000,0x00000010b3e00000) (1024K)]
Total: 10

Threads with active compile tasks:
C2 CompilerThread0  3193720 64184       4       com.android.tools.r8.dex.l0::a (315 bytes)
Total: 1

VM state: at safepoint (normal execution)

VM Mutex/Monitor currently owned by a thread:  ([mutex/lock_event])
[0x00007ffd4e4086d0] Threads_lock - owner thread: 0x000001cc7edee600
[0x00007ffd4e4087d0] Heap_lock - owner thread: 0x000001cc250150c0

Heap address: 0x0000000700000000, size: 4096 MB, Compressed Oops mode: Zero based, Oop shift amount: 3

CDS archive(s) not mapped
Compressed class space mapped at: 0x0000000800000000-0x0000000840000000, reserved size: 1073741824
Narrow klass base: 0x0000000800000000, Narrow klass shift: 0, Narrow klass range: 0x40000000

GC Precious Log:
 CardTable entry size: 512
 Card Set container configuration: InlinePtr #cards 4 size 8 Array Of Cards #cards 16 size 48 Howl #buckets 8 coarsen threshold 3686 Howl Bitmap #cards 512 size 80 coarsen threshold 460 Card regions per heap region 1 cards per card region 4096
 CPUs: 4 total, 4 available
 Memory: 16262M
 Large Page Support: Disabled
 NUMA Support: Disabled
 Compressed Oops: Enabled (Zero based)
 Heap Region Size: 2M
 Heap Min Capacity: 8M
 Heap Initial Capacity: 256M
 Heap Max Capacity: 4G
 Pre-touch: Disabled
 Parallel Workers: 4
 Concurrent Workers: 1
 Concurrent Refinement Workers: 4
 Periodic GC: Disabled

Heap:
 garbage-first heap   total 759808K, used 296043K [0x0000000700000000, 0x0000000800000000)
  region size 2048K, 6 young (12288K), 6 survivors (12288K)
 Metaspace       used 164176K, committed 166720K, reserved 1245184K
  class space    used 21858K, committed 23104K, reserved 1048576K

Heap Regions: E=young(eden), S=young(survivor), O=old, HS=humongous(starts), HC=humongous(continues), CS=collection set, F=free, TAMS=top-at-mark-start, PB=parsable bottom
|   0|0x0000000700000000, 0x0000000700200000, 0x0000000700200000|100%|HS|  |TAMS 0x0000000700200000| PB 0x0000000700000000| Complete 
|   1|0x0000000700200000, 0x0000000700400000, 0x0000000700400000|100%|HC|  |TAMS 0x0000000700400000| PB 0x0000000700200000| Complete 
|   2|0x0000000700400000, 0x0000000700600000, 0x0000000700600000|100%| O|  |TAMS 0x0000000700600000| PB 0x0000000700400000| Untracked 
|   3|0x0000000700600000, 0x0000000700800000, 0x0000000700800000|100%| O|  |TAMS 0x0000000700800000| PB 0x0000000700600000| Untracked 
|   4|0x0000000700800000, 0x0000000700a00000, 0x0000000700a00000|100%| O|  |TAMS 0x0000000700a00000| PB 0x0000000700800000| Untracked 
|   5|0x0000000700a00000, 0x0000000700c00000, 0x0000000700c00000|100%| O|  |TAMS 0x0000000700c00000| PB 0x0000000700a00000| Untracked 
|   6|0x0000000700c00000, 0x0000000700e00000, 0x0000000700e00000|100%| O|  |TAMS 0x0000000700e00000| PB 0x0000000700c00000| Untracked 
|   7|0x0000000700e00000, 0x0000000701000000, 0x0000000701000000|100%| O|  |TAMS 0x0000000701000000| PB 0x0000000700e00000| Untracked 
|   8|0x0000000701000000, 0x0000000701200000, 0x0000000701200000|100%| O|  |TAMS 0x0000000701200000| PB 0x0000000701000000| Untracked 
|   9|0x0000000701200000, 0x0000000701400000, 0x0000000701400000|100%| O|  |TAMS 0x0000000701400000| PB 0x0000000701200000| Untracked 
|  10|0x0000000701400000, 0x0000000701600000, 0x0000000701600000|100%| O|  |TAMS 0x0000000701600000| PB 0x0000000701400000| Untracked 
|  11|0x0000000701600000, 0x0000000701800000, 0x0000000701800000|100%| O|  |TAMS 0x0000000701800000| PB 0x0000000701600000| Untracked 
|  12|0x0000000701800000, 0x0000000701a00000, 0x0000000701a00000|100%|HS|  |TAMS 0x0000000701a00000| PB 0x0000000701800000| Complete 
|  13|0x0000000701a00000, 0x0000000701c00000, 0x0000000701c00000|100%|HS|  |TAMS 0x0000000701c00000| PB 0x0000000701a00000| Complete 
|  14|0x0000000701c00000, 0x0000000701e00000, 0x0000000701e00000|100%| O|  |TAMS 0x0000000701e00000| PB 0x0000000701c00000| Untracked 
|  15|0x0000000701e00000, 0x0000000702000000, 0x0000000702000000|100%| O|  |TAMS 0x0000000702000000| PB 0x0000000701e00000| Untracked 
|  16|0x0000000702000000, 0x0000000702200000, 0x0000000702200000|100%| O|  |TAMS 0x0000000702200000| PB 0x0000000702000000| Untracked 
|  17|0x0000000702200000, 0x0000000702400000, 0x0000000702400000|100%| O|  |TAMS 0x0000000702400000| PB 0x0000000702200000| Untracked 
|  18|0x0000000702400000, 0x0000000702600000, 0x0000000702600000|100%| O|  |TAMS 0x0000000702600000| PB 0x0000000702400000| Untracked 
|  19|0x0000000702600000, 0x0000000702800000, 0x0000000702800000|100%| O|  |TAMS 0x0000000702800000| PB 0x0000000702600000| Untracked 
|  20|0x0000000702800000, 0x0000000702a00000, 0x0000000702a00000|100%| O|  |TAMS 0x0000000702a00000| PB 0x0000000702800000| Untracked 
|  21|0x0000000702a00000, 0x0000000702c00000, 0x0000000702c00000|100%| O|  |TAMS 0x0000000702c00000| PB 0x0000000702a00000| Untracked 
|  22|0x0000000702c00000, 0x0000000702e00000, 0x0000000702e00000|100%| O|  |TAMS 0x0000000702e00000| PB 0x0000000702c00000| Untracked 
|  23|0x0000000702e00000, 0x0000000703000000, 0x0000000703000000|100%|HS|  |TAMS 0x0000000703000000| PB 0x0000000702e00000| Complete 
|  24|0x0000000703000000, 0x0000000703200000, 0x0000000703200000|100%| O|  |TAMS 0x0000000703200000| PB 0x0000000703000000| Untracked 
|  25|0x0000000703200000, 0x0000000703400000, 0x0000000703400000|100%| O|  |TAMS 0x0000000703400000| PB 0x0000000703200000| Untracked 
|  26|0x0000000703400000, 0x0000000703600000, 0x0000000703600000|100%| O|  |TAMS 0x0000000703600000| PB 0x0000000703400000| Untracked 
|  27|0x0000000703600000, 0x0000000703800000, 0x0000000703800000|100%| O|  |TAMS 0x0000000703800000| PB 0x0000000703600000| Untracked 
|  28|0x0000000703800000, 0x0000000703a00000, 0x0000000703a00000|100%| O|  |TAMS 0x0000000703a00000| PB 0x0000000703800000| Untracked 
|  29|0x0000000703a00000, 0x0000000703c00000, 0x0000000703c00000|100%|HS|  |TAMS 0x0000000703c00000| PB 0x0000000703a00000| Complete 
|  30|0x0000000703c00000, 0x0000000703e00000, 0x0000000703e00000|100%|HC|  |TAMS 0x0000000703e00000| PB 0x0000000703c00000| Complete 
|  31|0x0000000703e00000, 0x0000000704000000, 0x0000000704000000|100%| O|  |TAMS 0x0000000704000000| PB 0x0000000703e00000| Untracked 
|  32|0x0000000704000000, 0x0000000704200000, 0x0000000704200000|100%| O|  |TAMS 0x0000000704200000| PB 0x0000000704000000| Untracked 
|  33|0x0000000704200000, 0x0000000704400000, 0x0000000704400000|100%| O|  |TAMS 0x0000000704400000| PB 0x0000000704200000| Untracked 
|  34|0x0000000704400000, 0x0000000704600000, 0x0000000704600000|100%| O|  |TAMS 0x0000000704600000| PB 0x0000000704400000| Untracked 
|  35|0x0000000704600000, 0x0000000704800000, 0x0000000704800000|100%| O|  |TAMS 0x0000000704800000| PB 0x0000000704600000| Untracked 
|  36|0x0000000704800000, 0x0000000704a00000, 0x0000000704a00000|100%| O|  |TAMS 0x0000000704a00000| PB 0x0000000704800000| Untracked 
|  37|0x0000000704a00000, 0x0000000704c00000, 0x0000000704c00000|100%| O|  |TAMS 0x0000000704c00000| PB 0x0000000704a00000| Untracked 
|  38|0x0000000704c00000, 0x0000000704e00000, 0x0000000704e00000|100%| O|  |TAMS 0x0000000704e00000| PB 0x0000000704c00000| Untracked 
|  39|0x0000000704e00000, 0x0000000705000000, 0x0000000705000000|100%| O|  |TAMS 0x0000000705000000| PB 0x0000000704e00000| Untracked 
|  40|0x0000000705000000, 0x0000000705200000, 0x0000000705200000|100%|HS|  |TAMS 0x0000000705200000| PB 0x0000000705000000| Complete 
|  41|0x0000000705200000, 0x0000000705400000, 0x0000000705400000|100%|HC|  |TAMS 0x0000000705400000| PB 0x0000000705200000| Complete 
|  42|0x0000000705400000, 0x0000000705600000, 0x0000000705600000|100%| O|  |TAMS 0x0000000705600000| PB 0x0000000705400000| Untracked 
|  43|0x0000000705600000, 0x0000000705800000, 0x0000000705800000|100%|HS|  |TAMS 0x0000000705800000| PB 0x0000000705600000| Complete 
|  44|0x0000000705800000, 0x0000000705a00000, 0x0000000705a00000|100%| O|  |TAMS 0x0000000705a00000| PB 0x0000000705800000| Untracked 
|  45|0x0000000705a00000, 0x0000000705c00000, 0x0000000705c00000|100%| O|  |TAMS 0x0000000705c00000| PB 0x0000000705a00000| Untracked 
|  46|0x0000000705c00000, 0x0000000705e00000, 0x0000000705e00000|100%| O|  |TAMS 0x0000000705e00000| PB 0x0000000705c00000| Untracked 
|  47|0x0000000705e00000, 0x0000000706000000, 0x0000000706000000|100%|HS|  |TAMS 0x0000000706000000| PB 0x0000000705e00000| Complete 
|  48|0x0000000706000000, 0x0000000706200000, 0x0000000706200000|100%| O|  |TAMS 0x0000000706200000| PB 0x0000000706000000| Untracked 
|  49|0x0000000706200000, 0x0000000706400000, 0x0000000706400000|100%| O|  |TAMS 0x0000000706400000| PB 0x0000000706200000| Untracked 
|  50|0x0000000706400000, 0x0000000706600000, 0x0000000706600000|100%| O|  |TAMS 0x0000000706600000| PB 0x0000000706400000| Untracked 
|  51|0x0000000706600000, 0x0000000706800000, 0x0000000706800000|100%| O|  |TAMS 0x0000000706800000| PB 0x0000000706600000| Untracked 
|  52|0x0000000706800000, 0x0000000706a00000, 0x0000000706a00000|100%| O|  |TAMS 0x0000000706a00000| PB 0x0000000706800000| Untracked 
|  53|0x0000000706a00000, 0x0000000706c00000, 0x0000000706c00000|100%| O|  |TAMS 0x0000000706c00000| PB 0x0000000706a00000| Untracked 
|  54|0x0000000706c00000, 0x0000000706e00000, 0x0000000706e00000|100%| O|  |TAMS 0x0000000706e00000| PB 0x0000000706c00000| Untracked 
|  55|0x0000000706e00000, 0x0000000707000000, 0x0000000707000000|100%| O|  |TAMS 0x0000000707000000| PB 0x0000000706e00000| Untracked 
|  56|0x0000000707000000, 0x0000000707200000, 0x0000000707200000|100%| O|  |TAMS 0x0000000707200000| PB 0x0000000707000000| Untracked 
|  57|0x0000000707200000, 0x0000000707400000, 0x0000000707400000|100%| O|  |TAMS 0x0000000707400000| PB 0x0000000707200000| Untracked 
|  58|0x0000000707400000, 0x0000000707600000, 0x0000000707600000|100%| O|  |TAMS 0x0000000707600000| PB 0x0000000707400000| Untracked 
|  59|0x0000000707600000, 0x0000000707800000, 0x0000000707800000|100%| O|  |TAMS 0x0000000707800000| PB 0x0000000707600000| Untracked 
|  60|0x0000000707800000, 0x0000000707a00000, 0x0000000707a00000|100%| O|  |TAMS 0x0000000707a00000| PB 0x0000000707800000| Untracked 
|  61|0x0000000707a00000, 0x0000000707c00000, 0x0000000707c00000|100%| O|  |TAMS 0x0000000707c00000| PB 0x0000000707a00000| Untracked 
|  62|0x0000000707c00000, 0x0000000707e00000, 0x0000000707e00000|100%| O|  |TAMS 0x0000000707e00000| PB 0x0000000707c00000| Untracked 
|  63|0x0000000707e00000, 0x0000000708000000, 0x0000000708000000|100%| O|  |TAMS 0x0000000708000000| PB 0x0000000707e00000| Untracked 
|  64|0x0000000708000000, 0x0000000708200000, 0x0000000708200000|100%| O|  |TAMS 0x0000000708200000| PB 0x0000000708000000| Untracked 
|  65|0x0000000708200000, 0x0000000708400000, 0x0000000708400000|100%| O|  |TAMS 0x0000000708400000| PB 0x0000000708200000| Untracked 
|  66|0x0000000708400000, 0x0000000708600000, 0x0000000708600000|100%| O|  |TAMS 0x0000000708600000| PB 0x0000000708400000| Untracked 
|  67|0x0000000708600000, 0x0000000708800000, 0x0000000708800000|100%| O|  |TAMS 0x0000000708800000| PB 0x0000000708600000| Untracked 
|  68|0x0000000708800000, 0x0000000708a00000, 0x0000000708a00000|100%| O|  |TAMS 0x0000000708a00000| PB 0x0000000708800000| Untracked 
|  69|0x0000000708a00000, 0x0000000708c00000, 0x0000000708c00000|100%| O|  |TAMS 0x0000000708c00000| PB 0x0000000708a00000| Untracked 
|  70|0x0000000708c00000, 0x0000000708e00000, 0x0000000708e00000|100%| O|  |TAMS 0x0000000708e00000| PB 0x0000000708c00000| Untracked 
|  71|0x0000000708e00000, 0x0000000709000000, 0x0000000709000000|100%| O|  |TAMS 0x0000000709000000| PB 0x0000000708e00000| Untracked 
|  72|0x0000000709000000, 0x0000000709200000, 0x0000000709200000|100%| O|  |TAMS 0x0000000709200000| PB 0x0000000709000000| Untracked 
|  73|0x0000000709200000, 0x0000000709400000, 0x0000000709400000|100%| O|  |TAMS 0x0000000709400000| PB 0x0000000709200000| Untracked 
|  74|0x0000000709400000, 0x0000000709600000, 0x0000000709600000|100%| O|  |TAMS 0x0000000709600000| PB 0x0000000709400000| Untracked 
|  75|0x0000000709600000, 0x0000000709800000, 0x0000000709800000|100%| O|  |TAMS 0x0000000709800000| PB 0x0000000709600000| Untracked 
|  76|0x0000000709800000, 0x0000000709a00000, 0x0000000709a00000|100%| O|  |TAMS 0x0000000709a00000| PB 0x0000000709800000| Untracked 
|  77|0x0000000709a00000, 0x0000000709c00000, 0x0000000709c00000|100%| O|  |TAMS 0x0000000709c00000| PB 0x0000000709a00000| Untracked 
|  78|0x0000000709c00000, 0x0000000709e00000, 0x0000000709e00000|100%| O|  |TAMS 0x0000000709e00000| PB 0x0000000709c00000| Untracked 
|  79|0x0000000709e00000, 0x000000070a000000, 0x000000070a000000|100%| O|  |TAMS 0x000000070a000000| PB 0x0000000709e00000| Untracked 
|  80|0x000000070a000000, 0x000000070a000000, 0x000000070a200000|  0%| F|  |TAMS 0x000000070a000000| PB 0x000000070a000000| Untracked 
|  81|0x000000070a200000, 0x000000070a400000, 0x000000070a400000|100%| O|  |TAMS 0x000000070a400000| PB 0x000000070a200000| Untracked 
|  82|0x000000070a400000, 0x000000070a600000, 0x000000070a600000|100%| O|  |TAMS 0x000000070a600000| PB 0x000000070a400000| Untracked 
|  83|0x000000070a600000, 0x000000070a800000, 0x000000070a800000|100%| O|  |TAMS 0x000000070a800000| PB 0x000000070a600000| Untracked 
|  84|0x000000070a800000, 0x000000070aa00000, 0x000000070aa00000|100%| O|  |TAMS 0x000000070aa00000| PB 0x000000070a800000| Untracked 
|  85|0x000000070aa00000, 0x000000070ac00000, 0x000000070ac00000|100%| O|  |TAMS 0x000000070ac00000| PB 0x000000070aa00000| Untracked 
|  86|0x000000070ac00000, 0x000000070ae00000, 0x000000070ae00000|100%| O|  |TAMS 0x000000070ae00000| PB 0x000000070ac00000| Untracked 
|  87|0x000000070ae00000, 0x000000070b000000, 0x000000070b000000|100%| O|  |TAMS 0x000000070b000000| PB 0x000000070ae00000| Untracked 
|  88|0x000000070b000000, 0x000000070b200000, 0x000000070b200000|100%| O|  |TAMS 0x000000070b200000| PB 0x000000070b000000| Untracked 
|  89|0x000000070b200000, 0x000000070b400000, 0x000000070b400000|100%| O|  |TAMS 0x000000070b400000| PB 0x000000070b200000| Untracked 
|  90|0x000000070b400000, 0x000000070b600000, 0x000000070b600000|100%| O|  |TAMS 0x000000070b600000| PB 0x000000070b400000| Untracked 
|  91|0x000000070b600000, 0x000000070b800000, 0x000000070b800000|100%| O|  |TAMS 0x000000070b800000| PB 0x000000070b600000| Untracked 
|  92|0x000000070b800000, 0x000000070ba00000, 0x000000070ba00000|100%| O|  |TAMS 0x000000070ba00000| PB 0x000000070b800000| Untracked 
|  93|0x000000070ba00000, 0x000000070ba00000, 0x000000070bc00000|  0%| F|  |TAMS 0x000000070ba00000| PB 0x000000070ba00000| Untracked 
|  94|0x000000070bc00000, 0x000000070bc00000, 0x000000070be00000|  0%| F|  |TAMS 0x000000070bc00000| PB 0x000000070bc00000| Untracked 
|  95|0x000000070be00000, 0x000000070c000000, 0x000000070c000000|100%| O|  |TAMS 0x000000070c000000| PB 0x000000070be00000| Untracked 
|  96|0x000000070c000000, 0x000000070c000000, 0x000000070c200000|  0%| F|  |TAMS 0x000000070c000000| PB 0x000000070c000000| Untracked 
|  97|0x000000070c200000, 0x000000070c400000, 0x000000070c400000|100%| O|  |TAMS 0x000000070c400000| PB 0x000000070c200000| Untracked 
|  98|0x000000070c400000, 0x000000070c600000, 0x000000070c600000|100%| O|  |TAMS 0x000000070c600000| PB 0x000000070c400000| Untracked 
|  99|0x000000070c600000, 0x000000070c600000, 0x000000070c800000|  0%| F|  |TAMS 0x000000070c600000| PB 0x000000070c600000| Untracked 
| 100|0x000000070c800000, 0x000000070ca00000, 0x000000070ca00000|100%| O|  |TAMS 0x000000070ca00000| PB 0x000000070c800000| Untracked 
| 101|0x000000070ca00000, 0x000000070cc00000, 0x000000070cc00000|100%| O|  |TAMS 0x000000070cc00000| PB 0x000000070ca00000| Untracked 
| 102|0x000000070cc00000, 0x000000070ce00000, 0x000000070ce00000|100%| O|  |TAMS 0x000000070ce00000| PB 0x000000070cc00000| Untracked 
| 103|0x000000070ce00000, 0x000000070d000000, 0x000000070d000000|100%| O|  |TAMS 0x000000070d000000| PB 0x000000070ce00000| Untracked 
| 104|0x000000070d000000, 0x000000070d200000, 0x000000070d200000|100%| O|  |TAMS 0x000000070d200000| PB 0x000000070d000000| Untracked 
| 105|0x000000070d200000, 0x000000070d400000, 0x000000070d400000|100%| O|  |TAMS 0x000000070d400000| PB 0x000000070d200000| Untracked 
| 106|0x000000070d400000, 0x000000070d600000, 0x000000070d600000|100%| O|  |TAMS 0x000000070d600000| PB 0x000000070d400000| Untracked 
| 107|0x000000070d600000, 0x000000070d800000, 0x000000070d800000|100%| O|  |TAMS 0x000000070d800000| PB 0x000000070d600000| Untracked 
| 108|0x000000070d800000, 0x000000070da00000, 0x000000070da00000|100%| O|  |TAMS 0x000000070da00000| PB 0x000000070d800000| Untracked 
| 109|0x000000070da00000, 0x000000070dc00000, 0x000000070dc00000|100%| O|  |TAMS 0x000000070dc00000| PB 0x000000070da00000| Untracked 
| 110|0x000000070dc00000, 0x000000070de00000, 0x000000070de00000|100%| O|  |TAMS 0x000000070de00000| PB 0x000000070dc00000| Untracked 
| 111|0x000000070de00000, 0x000000070e000000, 0x000000070e000000|100%| O|  |TAMS 0x000000070e000000| PB 0x000000070de00000| Untracked 
| 112|0x000000070e000000, 0x000000070e200000, 0x000000070e200000|100%| O|  |TAMS 0x000000070e200000| PB 0x000000070e000000| Untracked 
| 113|0x000000070e200000, 0x000000070e400000, 0x000000070e400000|100%| O|  |TAMS 0x000000070e400000| PB 0x000000070e200000| Untracked 
| 114|0x000000070e400000, 0x000000070e600000, 0x000000070e600000|100%| O|  |TAMS 0x000000070e600000| PB 0x000000070e400000| Untracked 
| 115|0x000000070e600000, 0x000000070e800000, 0x000000070e800000|100%| O|  |TAMS 0x000000070e800000| PB 0x000000070e600000| Untracked 
| 116|0x000000070e800000, 0x000000070ea00000, 0x000000070ea00000|100%| O|  |TAMS 0x000000070ea00000| PB 0x000000070e800000| Untracked 
| 117|0x000000070ea00000, 0x000000070ec00000, 0x000000070ec00000|100%| O|  |TAMS 0x000000070ec00000| PB 0x000000070ea00000| Untracked 
| 118|0x000000070ec00000, 0x000000070ee00000, 0x000000070ee00000|100%| O|  |TAMS 0x000000070ee00000| PB 0x000000070ec00000| Untracked 
| 119|0x000000070ee00000, 0x000000070f000000, 0x000000070f000000|100%| O|  |TAMS 0x000000070f000000| PB 0x000000070ee00000| Untracked 
| 120|0x000000070f000000, 0x000000070f200000, 0x000000070f200000|100%| O|  |TAMS 0x000000070f200000| PB 0x000000070f000000| Untracked 
| 121|0x000000070f200000, 0x000000070f400000, 0x000000070f400000|100%| O|  |TAMS 0x000000070f400000| PB 0x000000070f200000| Untracked 
| 122|0x000000070f400000, 0x000000070f600000, 0x000000070f600000|100%| O|  |TAMS 0x000000070f600000| PB 0x000000070f400000| Untracked 
| 123|0x000000070f600000, 0x000000070f600000, 0x000000070f800000|  0%| F|  |TAMS 0x000000070f600000| PB 0x000000070f600000| Untracked 
| 124|0x000000070f800000, 0x000000070fa00000, 0x000000070fa00000|100%| O|  |TAMS 0x000000070fa00000| PB 0x000000070f800000| Untracked 
| 125|0x000000070fa00000, 0x000000070fc00000, 0x000000070fc00000|100%| O|  |TAMS 0x000000070fc00000| PB 0x000000070fa00000| Untracked 
| 126|0x000000070fc00000, 0x000000070fe00000, 0x000000070fe00000|100%| O|  |TAMS 0x000000070fe00000| PB 0x000000070fc00000| Untracked 
| 127|0x000000070fe00000, 0x000000070ff31a30, 0x0000000710000000| 59%| O|  |TAMS 0x000000070ff31a30| PB 0x000000070fe00000| Untracked 
| 128|0x0000000710000000, 0x0000000710000000, 0x0000000710200000|  0%| F|  |TAMS 0x0000000710000000| PB 0x0000000710000000| Untracked 
| 129|0x0000000710200000, 0x0000000710200000, 0x0000000710400000|  0%| F|  |TAMS 0x0000000710200000| PB 0x0000000710200000| Untracked 
| 130|0x0000000710400000, 0x0000000710400000, 0x0000000710600000|  0%| F|  |TAMS 0x0000000710400000| PB 0x0000000710400000| Untracked 
| 131|0x0000000710600000, 0x0000000710600000, 0x0000000710800000|  0%| F|  |TAMS 0x0000000710600000| PB 0x0000000710600000| Untracked 
| 132|0x0000000710800000, 0x0000000710800000, 0x0000000710a00000|  0%| F|  |TAMS 0x0000000710800000| PB 0x0000000710800000| Untracked 
| 133|0x0000000710a00000, 0x0000000710a00000, 0x0000000710c00000|  0%| F|  |TAMS 0x0000000710a00000| PB 0x0000000710a00000| Untracked 
| 134|0x0000000710c00000, 0x0000000710c00000, 0x0000000710e00000|  0%| F|  |TAMS 0x0000000710c00000| PB 0x0000000710c00000| Untracked 
| 135|0x0000000710e00000, 0x0000000710e00000, 0x0000000711000000|  0%| F|  |TAMS 0x0000000710e00000| PB 0x0000000710e00000| Untracked 
| 136|0x0000000711000000, 0x0000000711000000, 0x0000000711200000|  0%| F|  |TAMS 0x0000000711000000| PB 0x0000000711000000| Untracked 
| 137|0x0000000711200000, 0x0000000711200000, 0x0000000711400000|  0%| F|  |TAMS 0x0000000711200000| PB 0x0000000711200000| Untracked 
| 138|0x0000000711400000, 0x0000000711400000, 0x0000000711600000|  0%| F|  |TAMS 0x0000000711400000| PB 0x0000000711400000| Untracked 
| 139|0x0000000711600000, 0x0000000711600000, 0x0000000711800000|  0%| F|  |TAMS 0x0000000711600000| PB 0x0000000711600000| Untracked 
| 140|0x0000000711800000, 0x0000000711800000, 0x0000000711a00000|  0%| F|  |TAMS 0x0000000711800000| PB 0x0000000711800000| Untracked 
| 141|0x0000000711a00000, 0x0000000711a00000, 0x0000000711c00000|  0%| F|  |TAMS 0x0000000711a00000| PB 0x0000000711a00000| Untracked 
| 142|0x0000000711c00000, 0x0000000711e00000, 0x0000000711e00000|100%| O|  |TAMS 0x0000000711e00000| PB 0x0000000711c00000| Untracked 
| 143|0x0000000711e00000, 0x0000000712000000, 0x0000000712000000|100%| O|  |TAMS 0x0000000712000000| PB 0x0000000711e00000| Untracked 
| 144|0x0000000712000000, 0x0000000712200000, 0x0000000712200000|100%| O|  |TAMS 0x0000000712200000| PB 0x0000000712000000| Untracked 
| 145|0x0000000712200000, 0x0000000712400000, 0x0000000712400000|100%| O|  |TAMS 0x0000000712400000| PB 0x0000000712200000| Untracked 
| 146|0x0000000712400000, 0x0000000712600000, 0x0000000712600000|100%| O|  |TAMS 0x0000000712600000| PB 0x0000000712400000| Untracked 
| 147|0x0000000712600000, 0x0000000712800000, 0x0000000712800000|100%| O|  |TAMS 0x0000000712800000| PB 0x0000000712600000| Untracked 
| 148|0x0000000712800000, 0x0000000712a00000, 0x0000000712a00000|100%| O|  |TAMS 0x0000000712a00000| PB 0x0000000712800000| Untracked 
| 149|0x0000000712a00000, 0x0000000712c00000, 0x0000000712c00000|100%| O|  |TAMS 0x0000000712c00000| PB 0x0000000712a00000| Untracked 
| 150|0x0000000712c00000, 0x0000000712e00000, 0x0000000712e00000|100%| O|  |TAMS 0x0000000712e00000| PB 0x0000000712c00000| Untracked 
| 151|0x0000000712e00000, 0x0000000713000000, 0x0000000713000000|100%| O|  |TAMS 0x0000000713000000| PB 0x0000000712e00000| Untracked 
| 152|0x0000000713000000, 0x0000000713000000, 0x0000000713200000|  0%| F|  |TAMS 0x0000000713000000| PB 0x0000000713000000| Untracked 
| 153|0x0000000713200000, 0x0000000713200000, 0x0000000713400000|  0%| F|  |TAMS 0x0000000713200000| PB 0x0000000713200000| Untracked 
| 154|0x0000000713400000, 0x0000000713400000, 0x0000000713600000|  0%| F|  |TAMS 0x0000000713400000| PB 0x0000000713400000| Untracked 
| 155|0x0000000713600000, 0x0000000713600000, 0x0000000713800000|  0%| F|  |TAMS 0x0000000713600000| PB 0x0000000713600000| Untracked 
| 156|0x0000000713800000, 0x0000000713800000, 0x0000000713a00000|  0%| F|  |TAMS 0x0000000713800000| PB 0x0000000713800000| Untracked 
| 157|0x0000000713a00000, 0x0000000713a00000, 0x0000000713c00000|  0%| F|  |TAMS 0x0000000713a00000| PB 0x0000000713a00000| Untracked 
| 158|0x0000000713c00000, 0x0000000713c00000, 0x0000000713e00000|  0%| F|  |TAMS 0x0000000713c00000| PB 0x0000000713c00000| Untracked 
| 159|0x0000000713e00000, 0x0000000713e00000, 0x0000000714000000|  0%| F|  |TAMS 0x0000000713e00000| PB 0x0000000713e00000| Untracked 
| 160|0x0000000714000000, 0x0000000714000000, 0x0000000714200000|  0%| F|  |TAMS 0x0000000714000000| PB 0x0000000714000000| Untracked 
| 161|0x0000000714200000, 0x0000000714200000, 0x0000000714400000|  0%| F|  |TAMS 0x0000000714200000| PB 0x0000000714200000| Untracked 
| 162|0x0000000714400000, 0x0000000714400000, 0x0000000714600000|  0%| F|  |TAMS 0x0000000714400000| PB 0x0000000714400000| Untracked 
| 163|0x0000000714600000, 0x0000000714600000, 0x0000000714800000|  0%| F|  |TAMS 0x0000000714600000| PB 0x0000000714600000| Untracked 
| 164|0x0000000714800000, 0x0000000714800000, 0x0000000714a00000|  0%| F|  |TAMS 0x0000000714800000| PB 0x0000000714800000| Untracked 
| 165|0x0000000714a00000, 0x0000000714a00000, 0x0000000714c00000|  0%| F|  |TAMS 0x0000000714a00000| PB 0x0000000714a00000| Untracked 
| 166|0x0000000714c00000, 0x0000000714c00000, 0x0000000714e00000|  0%| F|  |TAMS 0x0000000714c00000| PB 0x0000000714c00000| Untracked 
| 167|0x0000000714e00000, 0x0000000714e00000, 0x0000000715000000|  0%| F|  |TAMS 0x0000000714e00000| PB 0x0000000714e00000| Untracked 
| 168|0x0000000715000000, 0x0000000715000000, 0x0000000715200000|  0%| F|  |TAMS 0x0000000715000000| PB 0x0000000715000000| Untracked 
| 169|0x0000000715200000, 0x0000000715200000, 0x0000000715400000|  0%| F|  |TAMS 0x0000000715200000| PB 0x0000000715200000| Untracked 
| 170|0x0000000715400000, 0x0000000715400000, 0x0000000715600000|  0%| F|  |TAMS 0x0000000715400000| PB 0x0000000715400000| Untracked 
| 171|0x0000000715600000, 0x0000000715600000, 0x0000000715800000|  0%| F|  |TAMS 0x0000000715600000| PB 0x0000000715600000| Untracked 
| 172|0x0000000715800000, 0x0000000715800000, 0x0000000715a00000|  0%| F|  |TAMS 0x0000000715800000| PB 0x0000000715800000| Untracked 
| 173|0x0000000715a00000, 0x0000000715be94c0, 0x0000000715c00000| 95%| S|CS|TAMS 0x0000000715a00000| PB 0x0000000715a00000| Complete 
| 174|0x0000000715c00000, 0x0000000715e00000, 0x0000000715e00000|100%| S|CS|TAMS 0x0000000715c00000| PB 0x0000000715c00000| Complete 
| 175|0x0000000715e00000, 0x0000000716000000, 0x0000000716000000|100%| S|CS|TAMS 0x0000000715e00000| PB 0x0000000715e00000| Complete 
| 176|0x0000000716000000, 0x0000000716200000, 0x0000000716200000|100%| S|CS|TAMS 0x0000000716000000| PB 0x0000000716000000| Complete 
| 177|0x0000000716200000, 0x0000000716400000, 0x0000000716400000|100%| S|CS|TAMS 0x0000000716200000| PB 0x0000000716200000| Complete 
| 178|0x0000000716400000, 0x0000000716600000, 0x0000000716600000|100%| S|CS|TAMS 0x0000000716400000| PB 0x0000000716400000| Complete 
| 179|0x0000000716600000, 0x0000000716600000, 0x0000000716800000|  0%| F|  |TAMS 0x0000000716600000| PB 0x0000000716600000| Untracked 
| 180|0x0000000716800000, 0x0000000716800000, 0x0000000716a00000|  0%| F|  |TAMS 0x0000000716800000| PB 0x0000000716800000| Untracked 
| 181|0x0000000716a00000, 0x0000000716a00000, 0x0000000716c00000|  0%| F|  |TAMS 0x0000000716a00000| PB 0x0000000716a00000| Untracked 
| 182|0x0000000716c00000, 0x0000000716c00000, 0x0000000716e00000|  0%| F|  |TAMS 0x0000000716c00000| PB 0x0000000716c00000| Untracked 
| 183|0x0000000716e00000, 0x0000000716e00000, 0x0000000717000000|  0%| F|  |TAMS 0x0000000716e00000| PB 0x0000000716e00000| Untracked 
| 184|0x0000000717000000, 0x0000000717000000, 0x0000000717200000|  0%| F|  |TAMS 0x0000000717000000| PB 0x0000000717000000| Untracked 
| 185|0x0000000717200000, 0x0000000717200000, 0x0000000717400000|  0%| F|  |TAMS 0x0000000717200000| PB 0x0000000717200000| Untracked 
| 186|0x0000000717400000, 0x0000000717400000, 0x0000000717600000|  0%| F|  |TAMS 0x0000000717400000| PB 0x0000000717400000| Untracked 
| 187|0x0000000717600000, 0x0000000717600000, 0x0000000717800000|  0%| F|  |TAMS 0x0000000717600000| PB 0x0000000717600000| Untracked 
| 188|0x0000000717800000, 0x0000000717800000, 0x0000000717a00000|  0%| F|  |TAMS 0x0000000717800000| PB 0x0000000717800000| Untracked 
| 189|0x0000000717a00000, 0x0000000717a00000, 0x0000000717c00000|  0%| F|  |TAMS 0x0000000717a00000| PB 0x0000000717a00000| Untracked 
| 190|0x0000000717c00000, 0x0000000717c00000, 0x0000000717e00000|  0%| F|  |TAMS 0x0000000717c00000| PB 0x0000000717c00000| Untracked 
| 191|0x0000000717e00000, 0x0000000717e00000, 0x0000000718000000|  0%| F|  |TAMS 0x0000000717e00000| PB 0x0000000717e00000| Untracked 
| 192|0x0000000718000000, 0x0000000718000000, 0x0000000718200000|  0%| F|  |TAMS 0x0000000718000000| PB 0x0000000718000000| Untracked 
| 193|0x0000000718200000, 0x0000000718200000, 0x0000000718400000|  0%| F|  |TAMS 0x0000000718200000| PB 0x0000000718200000| Untracked 
| 194|0x0000000718400000, 0x0000000718400000, 0x0000000718600000|  0%| F|  |TAMS 0x0000000718400000| PB 0x0000000718400000| Untracked 
| 195|0x0000000718600000, 0x0000000718600000, 0x0000000718800000|  0%| F|  |TAMS 0x0000000718600000| PB 0x0000000718600000| Untracked 
| 196|0x0000000718800000, 0x0000000718800000, 0x0000000718a00000|  0%| F|  |TAMS 0x0000000718800000| PB 0x0000000718800000| Untracked 
| 197|0x0000000718a00000, 0x0000000718a00000, 0x0000000718c00000|  0%| F|  |TAMS 0x0000000718a00000| PB 0x0000000718a00000| Untracked 
| 198|0x0000000718c00000, 0x0000000718c00000, 0x0000000718e00000|  0%| F|  |TAMS 0x0000000718c00000| PB 0x0000000718c00000| Untracked 
| 199|0x0000000718e00000, 0x0000000718e00000, 0x0000000719000000|  0%| F|  |TAMS 0x0000000718e00000| PB 0x0000000718e00000| Untracked 
| 200|0x0000000719000000, 0x0000000719000000, 0x0000000719200000|  0%| F|  |TAMS 0x0000000719000000| PB 0x0000000719000000| Untracked 
| 201|0x0000000719200000, 0x0000000719200000, 0x0000000719400000|  0%| F|  |TAMS 0x0000000719200000| PB 0x0000000719200000| Untracked 
| 202|0x0000000719400000, 0x0000000719400000, 0x0000000719600000|  0%| F|  |TAMS 0x0000000719400000| PB 0x0000000719400000| Untracked 
| 203|0x0000000719600000, 0x0000000719600000, 0x0000000719800000|  0%| F|  |TAMS 0x0000000719600000| PB 0x0000000719600000| Untracked 
| 204|0x0000000719800000, 0x0000000719800000, 0x0000000719a00000|  0%| F|  |TAMS 0x0000000719800000| PB 0x0000000719800000| Untracked 
| 205|0x0000000719a00000, 0x0000000719a00000, 0x0000000719c00000|  0%| F|  |TAMS 0x0000000719a00000| PB 0x0000000719a00000| Untracked 
| 206|0x0000000719c00000, 0x0000000719c00000, 0x0000000719e00000|  0%| F|  |TAMS 0x0000000719c00000| PB 0x0000000719c00000| Untracked 
| 207|0x0000000719e00000, 0x0000000719e00000, 0x000000071a000000|  0%| F|  |TAMS 0x0000000719e00000| PB 0x0000000719e00000| Untracked 
| 208|0x000000071a000000, 0x000000071a000000, 0x000000071a200000|  0%| F|  |TAMS 0x000000071a000000| PB 0x000000071a000000| Untracked 
| 209|0x000000071a200000, 0x000000071a200000, 0x000000071a400000|  0%| F|  |TAMS 0x000000071a200000| PB 0x000000071a200000| Untracked 
| 210|0x000000071a400000, 0x000000071a400000, 0x000000071a600000|  0%| F|  |TAMS 0x000000071a400000| PB 0x000000071a400000| Untracked 
| 211|0x000000071a600000, 0x000000071a600000, 0x000000071a800000|  0%| F|  |TAMS 0x000000071a600000| PB 0x000000071a600000| Untracked 
| 212|0x000000071a800000, 0x000000071a800000, 0x000000071aa00000|  0%| F|  |TAMS 0x000000071a800000| PB 0x000000071a800000| Untracked 
| 213|0x000000071aa00000, 0x000000071aa00000, 0x000000071ac00000|  0%| F|  |TAMS 0x000000071aa00000| PB 0x000000071aa00000| Untracked 
| 214|0x000000071ac00000, 0x000000071ac00000, 0x000000071ae00000|  0%| F|  |TAMS 0x000000071ac00000| PB 0x000000071ac00000| Untracked 
| 215|0x000000071ae00000, 0x000000071ae00000, 0x000000071b000000|  0%| F|  |TAMS 0x000000071ae00000| PB 0x000000071ae00000| Untracked 
| 216|0x000000071b000000, 0x000000071b000000, 0x000000071b200000|  0%| F|  |TAMS 0x000000071b000000| PB 0x000000071b000000| Untracked 
| 217|0x000000071b200000, 0x000000071b200000, 0x000000071b400000|  0%| F|  |TAMS 0x000000071b200000| PB 0x000000071b200000| Untracked 
| 218|0x000000071b400000, 0x000000071b400000, 0x000000071b600000|  0%| F|  |TAMS 0x000000071b400000| PB 0x000000071b400000| Untracked 
| 219|0x000000071b600000, 0x000000071b600000, 0x000000071b800000|  0%| F|  |TAMS 0x000000071b600000| PB 0x000000071b600000| Untracked 
| 220|0x000000071b800000, 0x000000071b800000, 0x000000071ba00000|  0%| F|  |TAMS 0x000000071b800000| PB 0x000000071b800000| Untracked 
| 221|0x000000071ba00000, 0x000000071ba00000, 0x000000071bc00000|  0%| F|  |TAMS 0x000000071ba00000| PB 0x000000071ba00000| Untracked 
| 222|0x000000071bc00000, 0x000000071bc00000, 0x000000071be00000|  0%| F|  |TAMS 0x000000071bc00000| PB 0x000000071bc00000| Untracked 
| 223|0x000000071be00000, 0x000000071be00000, 0x000000071c000000|  0%| F|  |TAMS 0x000000071be00000| PB 0x000000071be00000| Untracked 
| 224|0x000000071c000000, 0x000000071c000000, 0x000000071c200000|  0%| F|  |TAMS 0x000000071c000000| PB 0x000000071c000000| Untracked 
| 225|0x000000071c200000, 0x000000071c200000, 0x000000071c400000|  0%| F|  |TAMS 0x000000071c200000| PB 0x000000071c200000| Untracked 
| 226|0x000000071c400000, 0x000000071c400000, 0x000000071c600000|  0%| F|  |TAMS 0x000000071c400000| PB 0x000000071c400000| Untracked 
| 227|0x000000071c600000, 0x000000071c600000, 0x000000071c800000|  0%| F|  |TAMS 0x000000071c600000| PB 0x000000071c600000| Untracked 
| 228|0x000000071c800000, 0x000000071c800000, 0x000000071ca00000|  0%| F|  |TAMS 0x000000071c800000| PB 0x000000071c800000| Untracked 
| 229|0x000000071ca00000, 0x000000071ca00000, 0x000000071cc00000|  0%| F|  |TAMS 0x000000071ca00000| PB 0x000000071ca00000| Untracked 
| 230|0x000000071cc00000, 0x000000071cc00000, 0x000000071ce00000|  0%| F|  |TAMS 0x000000071cc00000| PB 0x000000071cc00000| Untracked 
| 231|0x000000071ce00000, 0x000000071ce00000, 0x000000071d000000|  0%| F|  |TAMS 0x000000071ce00000| PB 0x000000071ce00000| Untracked 
| 232|0x000000071d000000, 0x000000071d000000, 0x000000071d200000|  0%| F|  |TAMS 0x000000071d000000| PB 0x000000071d000000| Untracked 
| 233|0x000000071d200000, 0x000000071d200000, 0x000000071d400000|  0%| F|  |TAMS 0x000000071d200000| PB 0x000000071d200000| Untracked 
| 234|0x000000071d400000, 0x000000071d400000, 0x000000071d600000|  0%| F|  |TAMS 0x000000071d400000| PB 0x000000071d400000| Untracked 
| 235|0x000000071d600000, 0x000000071d600000, 0x000000071d800000|  0%| F|  |TAMS 0x000000071d600000| PB 0x000000071d600000| Untracked 
| 236|0x000000071d800000, 0x000000071d800000, 0x000000071da00000|  0%| F|  |TAMS 0x000000071d800000| PB 0x000000071d800000| Untracked 
| 237|0x000000071da00000, 0x000000071da00000, 0x000000071dc00000|  0%| F|  |TAMS 0x000000071da00000| PB 0x000000071da00000| Untracked 
| 238|0x000000071dc00000, 0x000000071dc00000, 0x000000071de00000|  0%| F|  |TAMS 0x000000071dc00000| PB 0x000000071dc00000| Untracked 
| 239|0x000000071de00000, 0x000000071de00000, 0x000000071e000000|  0%| F|  |TAMS 0x000000071de00000| PB 0x000000071de00000| Untracked 
| 240|0x000000071e000000, 0x000000071e000000, 0x000000071e200000|  0%| F|  |TAMS 0x000000071e000000| PB 0x000000071e000000| Untracked 
| 241|0x000000071e200000, 0x000000071e200000, 0x000000071e400000|  0%| F|  |TAMS 0x000000071e200000| PB 0x000000071e200000| Untracked 
| 242|0x000000071e400000, 0x000000071e400000, 0x000000071e600000|  0%| F|  |TAMS 0x000000071e400000| PB 0x000000071e400000| Untracked 
| 243|0x000000071e600000, 0x000000071e600000, 0x000000071e800000|  0%| F|  |TAMS 0x000000071e600000| PB 0x000000071e600000| Untracked 
| 244|0x000000071e800000, 0x000000071e800000, 0x000000071ea00000|  0%| F|  |TAMS 0x000000071e800000| PB 0x000000071e800000| Untracked 
| 245|0x000000071ea00000, 0x000000071ea00000, 0x000000071ec00000|  0%| F|  |TAMS 0x000000071ea00000| PB 0x000000071ea00000| Untracked 
| 246|0x000000071ec00000, 0x000000071ec00000, 0x000000071ee00000|  0%| F|  |TAMS 0x000000071ec00000| PB 0x000000071ec00000| Untracked 
| 247|0x000000071ee00000, 0x000000071ee00000, 0x000000071f000000|  0%| F|  |TAMS 0x000000071ee00000| PB 0x000000071ee00000| Untracked 
| 248|0x000000071f000000, 0x000000071f000000, 0x000000071f200000|  0%| F|  |TAMS 0x000000071f000000| PB 0x000000071f000000| Untracked 
| 249|0x000000071f200000, 0x000000071f200000, 0x000000071f400000|  0%| F|  |TAMS 0x000000071f200000| PB 0x000000071f200000| Untracked 
| 250|0x000000071f400000, 0x000000071f400000, 0x000000071f600000|  0%| F|  |TAMS 0x000000071f400000| PB 0x000000071f400000| Untracked 
| 251|0x000000071f600000, 0x000000071f600000, 0x000000071f800000|  0%| F|  |TAMS 0x000000071f600000| PB 0x000000071f600000| Untracked 
| 252|0x000000071f800000, 0x000000071f800000, 0x000000071fa00000|  0%| F|  |TAMS 0x000000071f800000| PB 0x000000071f800000| Untracked 
| 253|0x000000071fa00000, 0x000000071fa00000, 0x000000071fc00000|  0%| F|  |TAMS 0x000000071fa00000| PB 0x000000071fa00000| Untracked 
| 254|0x000000071fc00000, 0x000000071fc00000, 0x000000071fe00000|  0%| F|  |TAMS 0x000000071fc00000| PB 0x000000071fc00000| Untracked 
| 255|0x000000071fe00000, 0x000000071fe00000, 0x0000000720000000|  0%| F|  |TAMS 0x000000071fe00000| PB 0x000000071fe00000| Untracked 
| 256|0x0000000720000000, 0x0000000720000000, 0x0000000720200000|  0%| F|  |TAMS 0x0000000720000000| PB 0x0000000720000000| Untracked 
| 257|0x0000000720200000, 0x0000000720200000, 0x0000000720400000|  0%| F|  |TAMS 0x0000000720200000| PB 0x0000000720200000| Untracked 
| 258|0x0000000720400000, 0x0000000720400000, 0x0000000720600000|  0%| F|  |TAMS 0x0000000720400000| PB 0x0000000720400000| Untracked 
| 259|0x0000000720600000, 0x0000000720600000, 0x0000000720800000|  0%| F|  |TAMS 0x0000000720600000| PB 0x0000000720600000| Untracked 
| 260|0x0000000720800000, 0x0000000720800000, 0x0000000720a00000|  0%| F|  |TAMS 0x0000000720800000| PB 0x0000000720800000| Untracked 
| 261|0x0000000720a00000, 0x0000000720a00000, 0x0000000720c00000|  0%| F|  |TAMS 0x0000000720a00000| PB 0x0000000720a00000| Untracked 
| 262|0x0000000720c00000, 0x0000000720c00000, 0x0000000720e00000|  0%| F|  |TAMS 0x0000000720c00000| PB 0x0000000720c00000| Untracked 
| 263|0x0000000720e00000, 0x0000000720e00000, 0x0000000721000000|  0%| F|  |TAMS 0x0000000720e00000| PB 0x0000000720e00000| Untracked 
| 264|0x0000000721000000, 0x0000000721000000, 0x0000000721200000|  0%| F|  |TAMS 0x0000000721000000| PB 0x0000000721000000| Untracked 
| 265|0x0000000721200000, 0x0000000721200000, 0x0000000721400000|  0%| F|  |TAMS 0x0000000721200000| PB 0x0000000721200000| Untracked 
| 266|0x0000000721400000, 0x0000000721400000, 0x0000000721600000|  0%| F|  |TAMS 0x0000000721400000| PB 0x0000000721400000| Untracked 
| 267|0x0000000721600000, 0x0000000721600000, 0x0000000721800000|  0%| F|  |TAMS 0x0000000721600000| PB 0x0000000721600000| Untracked 
| 268|0x0000000721800000, 0x0000000721800000, 0x0000000721a00000|  0%| F|  |TAMS 0x0000000721800000| PB 0x0000000721800000| Untracked 
| 269|0x0000000721a00000, 0x0000000721a00000, 0x0000000721c00000|  0%| F|  |TAMS 0x0000000721a00000| PB 0x0000000721a00000| Untracked 
| 270|0x0000000721c00000, 0x0000000721c00000, 0x0000000721e00000|  0%| F|  |TAMS 0x0000000721c00000| PB 0x0000000721c00000| Untracked 
| 271|0x0000000721e00000, 0x0000000721e00000, 0x0000000722000000|  0%| F|  |TAMS 0x0000000721e00000| PB 0x0000000721e00000| Untracked 
| 272|0x0000000722000000, 0x0000000722000000, 0x0000000722200000|  0%| F|  |TAMS 0x0000000722000000| PB 0x0000000722000000| Untracked 
| 273|0x0000000722200000, 0x0000000722200000, 0x0000000722400000|  0%| F|  |TAMS 0x0000000722200000| PB 0x0000000722200000| Untracked 
| 274|0x0000000722400000, 0x0000000722400000, 0x0000000722600000|  0%| F|  |TAMS 0x0000000722400000| PB 0x0000000722400000| Untracked 
| 275|0x0000000722600000, 0x0000000722600000, 0x0000000722800000|  0%| F|  |TAMS 0x0000000722600000| PB 0x0000000722600000| Untracked 
| 276|0x0000000722800000, 0x0000000722800000, 0x0000000722a00000|  0%| F|  |TAMS 0x0000000722800000| PB 0x0000000722800000| Untracked 
| 277|0x0000000722a00000, 0x0000000722a00000, 0x0000000722c00000|  0%| F|  |TAMS 0x0000000722a00000| PB 0x0000000722a00000| Untracked 
| 278|0x0000000722c00000, 0x0000000722c00000, 0x0000000722e00000|  0%| F|  |TAMS 0x0000000722c00000| PB 0x0000000722c00000| Untracked 
| 279|0x0000000722e00000, 0x0000000722e00000, 0x0000000723000000|  0%| F|  |TAMS 0x0000000722e00000| PB 0x0000000722e00000| Untracked 
| 280|0x0000000723000000, 0x0000000723000000, 0x0000000723200000|  0%| F|  |TAMS 0x0000000723000000| PB 0x0000000723000000| Untracked 
| 281|0x0000000723200000, 0x0000000723200000, 0x0000000723400000|  0%| F|  |TAMS 0x0000000723200000| PB 0x0000000723200000| Untracked 
| 282|0x0000000723400000, 0x0000000723400000, 0x0000000723600000|  0%| F|  |TAMS 0x0000000723400000| PB 0x0000000723400000| Untracked 
| 283|0x0000000723600000, 0x0000000723600000, 0x0000000723800000|  0%| F|  |TAMS 0x0000000723600000| PB 0x0000000723600000| Untracked 
| 284|0x0000000723800000, 0x0000000723800000, 0x0000000723a00000|  0%| F|  |TAMS 0x0000000723800000| PB 0x0000000723800000| Untracked 
| 285|0x0000000723a00000, 0x0000000723a00000, 0x0000000723c00000|  0%| F|  |TAMS 0x0000000723a00000| PB 0x0000000723a00000| Untracked 
| 286|0x0000000723c00000, 0x0000000723c00000, 0x0000000723e00000|  0%| F|  |TAMS 0x0000000723c00000| PB 0x0000000723c00000| Untracked 
| 287|0x0000000723e00000, 0x0000000723e00000, 0x0000000724000000|  0%| F|  |TAMS 0x0000000723e00000| PB 0x0000000723e00000| Untracked 
| 288|0x0000000724000000, 0x0000000724000000, 0x0000000724200000|  0%| F|  |TAMS 0x0000000724000000| PB 0x0000000724000000| Untracked 
| 289|0x0000000724200000, 0x0000000724200000, 0x0000000724400000|  0%| F|  |TAMS 0x0000000724200000| PB 0x0000000724200000| Untracked 
| 290|0x0000000724400000, 0x0000000724400000, 0x0000000724600000|  0%| F|  |TAMS 0x0000000724400000| PB 0x0000000724400000| Untracked 
| 291|0x0000000724600000, 0x0000000724600000, 0x0000000724800000|  0%| F|  |TAMS 0x0000000724600000| PB 0x0000000724600000| Untracked 
| 292|0x0000000724800000, 0x0000000724800000, 0x0000000724a00000|  0%| F|  |TAMS 0x0000000724800000| PB 0x0000000724800000| Untracked 
| 293|0x0000000724a00000, 0x0000000724a00000, 0x0000000724c00000|  0%| F|  |TAMS 0x0000000724a00000| PB 0x0000000724a00000| Untracked 
| 294|0x0000000724c00000, 0x0000000724c00000, 0x0000000724e00000|  0%| F|  |TAMS 0x0000000724c00000| PB 0x0000000724c00000| Untracked 
| 295|0x0000000724e00000, 0x0000000724e00000, 0x0000000725000000|  0%| F|  |TAMS 0x0000000724e00000| PB 0x0000000724e00000| Untracked 
| 296|0x0000000725000000, 0x0000000725000000, 0x0000000725200000|  0%| F|  |TAMS 0x0000000725000000| PB 0x0000000725000000| Untracked 
| 297|0x0000000725200000, 0x0000000725200000, 0x0000000725400000|  0%| F|  |TAMS 0x0000000725200000| PB 0x0000000725200000| Untracked 
| 298|0x0000000725400000, 0x0000000725400000, 0x0000000725600000|  0%| F|  |TAMS 0x0000000725400000| PB 0x0000000725400000| Untracked 
| 299|0x0000000725600000, 0x0000000725600000, 0x0000000725800000|  0%| F|  |TAMS 0x0000000725600000| PB 0x0000000725600000| Untracked 
| 300|0x0000000725800000, 0x0000000725800000, 0x0000000725a00000|  0%| F|  |TAMS 0x0000000725800000| PB 0x0000000725800000| Untracked 
| 301|0x0000000725a00000, 0x0000000725a00000, 0x0000000725c00000|  0%| F|  |TAMS 0x0000000725a00000| PB 0x0000000725a00000| Untracked 
| 302|0x0000000725c00000, 0x0000000725c00000, 0x0000000725e00000|  0%| F|  |TAMS 0x0000000725c00000| PB 0x0000000725c00000| Untracked 
| 303|0x0000000725e00000, 0x0000000725e00000, 0x0000000726000000|  0%| F|  |TAMS 0x0000000725e00000| PB 0x0000000725e00000| Untracked 
| 304|0x0000000726000000, 0x0000000726000000, 0x0000000726200000|  0%| F|  |TAMS 0x0000000726000000| PB 0x0000000726000000| Untracked 
| 305|0x0000000726200000, 0x0000000726200000, 0x0000000726400000|  0%| F|  |TAMS 0x0000000726200000| PB 0x0000000726200000| Untracked 
| 306|0x0000000726400000, 0x0000000726400000, 0x0000000726600000|  0%| F|  |TAMS 0x0000000726400000| PB 0x0000000726400000| Untracked 
| 307|0x0000000726600000, 0x0000000726600000, 0x0000000726800000|  0%| F|  |TAMS 0x0000000726600000| PB 0x0000000726600000| Untracked 
| 308|0x0000000726800000, 0x0000000726800000, 0x0000000726a00000|  0%| F|  |TAMS 0x0000000726800000| PB 0x0000000726800000| Untracked 
| 309|0x0000000726a00000, 0x0000000726a00000, 0x0000000726c00000|  0%| F|  |TAMS 0x0000000726a00000| PB 0x0000000726a00000| Untracked 
| 310|0x0000000726c00000, 0x0000000726c00000, 0x0000000726e00000|  0%| F|  |TAMS 0x0000000726c00000| PB 0x0000000726c00000| Untracked 
| 311|0x0000000726e00000, 0x0000000726e00000, 0x0000000727000000|  0%| F|  |TAMS 0x0000000726e00000| PB 0x0000000726e00000| Untracked 
| 312|0x0000000727000000, 0x0000000727000000, 0x0000000727200000|  0%| F|  |TAMS 0x0000000727000000| PB 0x0000000727000000| Untracked 
| 313|0x0000000727200000, 0x0000000727200000, 0x0000000727400000|  0%| F|  |TAMS 0x0000000727200000| PB 0x0000000727200000| Untracked 
| 314|0x0000000727400000, 0x0000000727400000, 0x0000000727600000|  0%| F|  |TAMS 0x0000000727400000| PB 0x0000000727400000| Untracked 
| 315|0x0000000727600000, 0x0000000727600000, 0x0000000727800000|  0%| F|  |TAMS 0x0000000727600000| PB 0x0000000727600000| Untracked 
| 316|0x0000000727800000, 0x0000000727800000, 0x0000000727a00000|  0%| F|  |TAMS 0x0000000727800000| PB 0x0000000727800000| Untracked 
| 317|0x0000000727a00000, 0x0000000727a00000, 0x0000000727c00000|  0%| F|  |TAMS 0x0000000727a00000| PB 0x0000000727a00000| Untracked 
| 318|0x0000000727c00000, 0x0000000727c00000, 0x0000000727e00000|  0%| F|  |TAMS 0x0000000727c00000| PB 0x0000000727c00000| Untracked 
| 319|0x0000000727e00000, 0x0000000727e00000, 0x0000000728000000|  0%| F|  |TAMS 0x0000000727e00000| PB 0x0000000727e00000| Untracked 
| 320|0x0000000728000000, 0x0000000728000000, 0x0000000728200000|  0%| F|  |TAMS 0x0000000728000000| PB 0x0000000728000000| Untracked 
| 321|0x0000000728200000, 0x0000000728200000, 0x0000000728400000|  0%| F|  |TAMS 0x0000000728200000| PB 0x0000000728200000| Untracked 
| 322|0x0000000728400000, 0x0000000728400000, 0x0000000728600000|  0%| F|  |TAMS 0x0000000728400000| PB 0x0000000728400000| Untracked 
| 323|0x0000000728600000, 0x0000000728600000, 0x0000000728800000|  0%| F|  |TAMS 0x0000000728600000| PB 0x0000000728600000| Untracked 
| 324|0x0000000728800000, 0x0000000728800000, 0x0000000728a00000|  0%| F|  |TAMS 0x0000000728800000| PB 0x0000000728800000| Untracked 
| 325|0x0000000728a00000, 0x0000000728a00000, 0x0000000728c00000|  0%| F|  |TAMS 0x0000000728a00000| PB 0x0000000728a00000| Untracked 
| 326|0x0000000728c00000, 0x0000000728c00000, 0x0000000728e00000|  0%| F|  |TAMS 0x0000000728c00000| PB 0x0000000728c00000| Untracked 
| 327|0x0000000728e00000, 0x0000000728e00000, 0x0000000729000000|  0%| F|  |TAMS 0x0000000728e00000| PB 0x0000000728e00000| Untracked 
| 328|0x0000000729000000, 0x0000000729000000, 0x0000000729200000|  0%| F|  |TAMS 0x0000000729000000| PB 0x0000000729000000| Untracked 
| 329|0x0000000729200000, 0x0000000729200000, 0x0000000729400000|  0%| F|  |TAMS 0x0000000729200000| PB 0x0000000729200000| Untracked 
| 330|0x0000000729400000, 0x0000000729400000, 0x0000000729600000|  0%| F|  |TAMS 0x0000000729400000| PB 0x0000000729400000| Untracked 
| 331|0x0000000729600000, 0x0000000729600000, 0x0000000729800000|  0%| F|  |TAMS 0x0000000729600000| PB 0x0000000729600000| Untracked 
| 332|0x0000000729800000, 0x0000000729800000, 0x0000000729a00000|  0%| F|  |TAMS 0x0000000729800000| PB 0x0000000729800000| Untracked 
| 333|0x0000000729a00000, 0x0000000729a00000, 0x0000000729c00000|  0%| F|  |TAMS 0x0000000729a00000| PB 0x0000000729a00000| Untracked 
| 334|0x0000000729c00000, 0x0000000729c00000, 0x0000000729e00000|  0%| F|  |TAMS 0x0000000729c00000| PB 0x0000000729c00000| Untracked 
| 335|0x0000000729e00000, 0x0000000729e00000, 0x000000072a000000|  0%| F|  |TAMS 0x0000000729e00000| PB 0x0000000729e00000| Untracked 
| 336|0x000000072a000000, 0x000000072a000000, 0x000000072a200000|  0%| F|  |TAMS 0x000000072a000000| PB 0x000000072a000000| Untracked 
| 337|0x000000072a200000, 0x000000072a200000, 0x000000072a400000|  0%| F|  |TAMS 0x000000072a200000| PB 0x000000072a200000| Untracked 
| 338|0x000000072a400000, 0x000000072a400000, 0x000000072a600000|  0%| F|  |TAMS 0x000000072a400000| PB 0x000000072a400000| Untracked 
| 339|0x000000072a600000, 0x000000072a600000, 0x000000072a800000|  0%| F|  |TAMS 0x000000072a600000| PB 0x000000072a600000| Untracked 
| 340|0x000000072a800000, 0x000000072a800000, 0x000000072aa00000|  0%| F|  |TAMS 0x000000072a800000| PB 0x000000072a800000| Untracked 
|2018|0x00000007fc400000, 0x00000007fc600000, 0x00000007fc600000|100%| O|  |TAMS 0x00000007fc600000| PB 0x00000007fc400000| Untracked 
|2019|0x00000007fc600000, 0x00000007fc600000, 0x00000007fc800000|  0%| F|  |TAMS 0x00000007fc600000| PB 0x00000007fc600000| Untracked 
|2020|0x00000007fc800000, 0x00000007fc800000, 0x00000007fca00000|  0%| F|  |TAMS 0x00000007fc800000| PB 0x00000007fc800000| Untracked 
|2021|0x00000007fca00000, 0x00000007fca00000, 0x00000007fcc00000|  0%| F|  |TAMS 0x00000007fca00000| PB 0x00000007fca00000| Untracked 
|2022|0x00000007fcc00000, 0x00000007fcc00000, 0x00000007fce00000|  0%| F|  |TAMS 0x00000007fcc00000| PB 0x00000007fcc00000| Untracked 
|2023|0x00000007fce00000, 0x00000007fce00000, 0x00000007fd000000|  0%| F|  |TAMS 0x00000007fce00000| PB 0x00000007fce00000| Untracked 
|2024|0x00000007fd000000, 0x00000007fd000000, 0x00000007fd200000|  0%| F|  |TAMS 0x00000007fd000000| PB 0x00000007fd000000| Untracked 
|2025|0x00000007fd200000, 0x00000007fd200000, 0x00000007fd400000|  0%| F|  |TAMS 0x00000007fd200000| PB 0x00000007fd200000| Untracked 
|2026|0x00000007fd400000, 0x00000007fd400000, 0x00000007fd600000|  0%| F|  |TAMS 0x00000007fd400000| PB 0x00000007fd400000| Untracked 
|2027|0x00000007fd600000, 0x00000007fd600000, 0x00000007fd800000|  0%| F|  |TAMS 0x00000007fd600000| PB 0x00000007fd600000| Untracked 
|2028|0x00000007fd800000, 0x00000007fd800000, 0x00000007fda00000|  0%| F|  |TAMS 0x00000007fd800000| PB 0x00000007fd800000| Untracked 
|2029|0x00000007fda00000, 0x00000007fda00000, 0x00000007fdc00000|  0%| F|  |TAMS 0x00000007fda00000| PB 0x00000007fda00000| Untracked 
|2030|0x00000007fdc00000, 0x00000007fdc00000, 0x00000007fde00000|  0%| F|  |TAMS 0x00000007fdc00000| PB 0x00000007fdc00000| Untracked 
|2031|0x00000007fde00000, 0x00000007fde00000, 0x00000007fe000000|  0%| F|  |TAMS 0x00000007fde00000| PB 0x00000007fde00000| Untracked 
|2032|0x00000007fe000000, 0x00000007fe000000, 0x00000007fe200000|  0%| F|  |TAMS 0x00000007fe000000| PB 0x00000007fe000000| Untracked 
|2033|0x00000007fe200000, 0x00000007fe200000, 0x00000007fe400000|  0%| F|  |TAMS 0x00000007fe200000| PB 0x00000007fe200000| Untracked 
|2034|0x00000007fe400000, 0x00000007fe400000, 0x00000007fe600000|  0%| F|  |TAMS 0x00000007fe400000| PB 0x00000007fe400000| Untracked 
|2035|0x00000007fe600000, 0x00000007fe600000, 0x00000007fe800000|  0%| F|  |TAMS 0x00000007fe600000| PB 0x00000007fe600000| Untracked 
|2036|0x00000007fe800000, 0x00000007fe800000, 0x00000007fea00000|  0%| F|  |TAMS 0x00000007fe800000| PB 0x00000007fe800000| Untracked 
|2037|0x00000007fea00000, 0x00000007fea00000, 0x00000007fec00000|  0%| F|  |TAMS 0x00000007fea00000| PB 0x00000007fea00000| Untracked 
|2038|0x00000007fec00000, 0x00000007fec00000, 0x00000007fee00000|  0%| F|  |TAMS 0x00000007fec00000| PB 0x00000007fec00000| Untracked 
|2039|0x00000007fee00000, 0x00000007ff000000, 0x00000007ff000000|100%| O|  |TAMS 0x00000007ff000000| PB 0x00000007fee00000| Untracked 
|2040|0x00000007ff000000, 0x00000007ff000000, 0x00000007ff200000|  0%| F|  |TAMS 0x00000007ff000000| PB 0x00000007ff000000| Untracked 
|2041|0x00000007ff200000, 0x00000007ff200000, 0x00000007ff400000|  0%| F|  |TAMS 0x00000007ff200000| PB 0x00000007ff200000| Untracked 
|2042|0x00000007ff400000, 0x00000007ff600000, 0x00000007ff600000|100%| O|  |TAMS 0x00000007ff600000| PB 0x00000007ff400000| Untracked 
|2043|0x00000007ff600000, 0x00000007ff800000, 0x00000007ff800000|100%| O|  |TAMS 0x00000007ff800000| PB 0x00000007ff600000| Untracked 
|2044|0x00000007ff800000, 0x00000007ff800000, 0x00000007ffa00000|  0%| F|  |TAMS 0x00000007ff800000| PB 0x00000007ff800000| Untracked 
|2045|0x00000007ffa00000, 0x00000007ffc00000, 0x00000007ffc00000|100%| O|  |TAMS 0x00000007ffc00000| PB 0x00000007ffa00000| Untracked 
|2046|0x00000007ffc00000, 0x00000007ffe00000, 0x00000007ffe00000|100%| O|  |TAMS 0x00000007ffe00000| PB 0x00000007ffc00000| Untracked 
|2047|0x00000007ffe00000, 0x0000000800000000, 0x0000000800000000|100%| O|  |TAMS 0x0000000800000000| PB 0x00000007ffe00000| Untracked 

Card table byte_map: [0x000001cc7c1d0000,0x000001cc7c9d0000] _byte_map_base: 0x000001cc789d0000

Marking Bits: (CMBitMap*) 0x000001cc788da230
 Bits: [0x000001cc0f000000, 0x000001cc13000000)

Polling page: 0x000001cc765e0000

Metaspace:

Usage:
  Non-class:    138.98 MB used.
      Class:     21.35 MB used.
       Both:    160.33 MB used.

Virtual space:
  Non-class space:      192.00 MB reserved,     140.25 MB ( 73%) committed,  3 nodes.
      Class space:        1.00 GB reserved,      22.56 MB (  2%) committed,  1 nodes.
             Both:        1.19 GB reserved,     162.81 MB ( 13%) committed. 

Chunk freelists:
   Non-Class:  3.80 MB
       Class:  9.30 MB
        Both:  13.10 MB

MaxMetaspaceSize: unlimited
CompressedClassSpaceSize: 1.00 GB
Initial GC threshold: 21.00 MB
Current GC threshold: 271.25 MB
CDS: off
 - commit_granule_bytes: 65536.
 - commit_granule_words: 8192.
 - virtual_space_node_default_size: 8388608.
 - enlarge_chunks_in_place: 1.
 - use_allocation_guard: 0.


Internal statistics:

num_allocs_failed_limit: 12.
num_arena_births: 4870.
num_arena_deaths: 8.
num_vsnodes_births: 4.
num_vsnodes_deaths: 0.
num_space_committed: 2603.
num_space_uncommitted: 0.
num_chunks_returned_to_freelist: 23.
num_chunks_taken_from_freelist: 12024.
num_chunk_merges: 12.
num_chunk_splits: 7859.
num_chunks_enlarged: 5002.
num_inconsistent_stats: 0.

CodeHeap 'non-profiled nmethods': size=120000Kb used=27827Kb max_used=28066Kb free=92172Kb
 bounds [0x000001cc07ad0000, 0x000001cc09640000, 0x000001cc0f000000]
CodeHeap 'profiled nmethods': size=120000Kb used=26571Kb max_used=39511Kb free=93429Kb
 bounds [0x000001cc00000000, 0x000001cc02730000, 0x000001cc07530000]
CodeHeap 'non-nmethods': size=5760Kb used=2839Kb max_used=3001Kb free=2921Kb
 bounds [0x000001cc07530000, 0x000001cc07850000, 0x000001cc07ad0000]
CodeCache: size=245760Kb, used=57237Kb, max_used=70578Kb, free=188522Kb
 total_blobs=19331, nmethods=18229, adapters=1004, full_count=0
Compilation: enabled, stopped_count=0, restarted_count=0

Compilation events (20 events):
Event: 3193.540 Thread 0x000001cc7ef9a840 64178       4       java.util.TimSort::minRunLength (43 bytes)
Event: 3193.542 Thread 0x000001cc7ef9a840 nmethod 64178 0x000001cc09129190 code [0x000001cc09129320, 0x000001cc091293c0]
Event: 3193.542 Thread 0x000001cc7ef9a840 64179       4       java.util.TimSort::mergeForceCollapse (50 bytes)
Event: 3193.545 Thread 0x000001cc7ef9a840 nmethod 64179 0x000001cc09430590 code [0x000001cc09430740, 0x000001cc09430900]
Event: 3193.546 Thread 0x000001cc7efb5520 nmethod 64175 0x000001cc00867390 code [0x000001cc00867720, 0x000001cc00868c30]
Event: 3193.546 Thread 0x000001cc7efb5520 64176       3       com.android.tools.r8.dex.p1::a (152 bytes)
Event: 3193.548 Thread 0x000001cc7efb5520 nmethod 64176 0x000001cc0038ed10 code [0x000001cc0038eec0, 0x000001cc0038f220]
Event: 3193.548 Thread 0x000001cc7efb5520 64183       3       com.android.tools.r8.graph.wb::a (94 bytes)
Event: 3193.550 Thread 0x000001cc7efb5520 nmethod 64183 0x000001cc00018e90 code [0x000001cc00019200, 0x000001cc0001ac58]
Event: 3193.550 Thread 0x000001cc7efb5520 64177       3       com.android.tools.r8.internal.ep1$$Lambda/0x00000008014d87a0::apply (12 bytes)
Event: 3193.551 Thread 0x000001cc7efb5520 nmethod 64177 0x000001cc0009a010 code [0x000001cc0009a1c0, 0x000001cc0009a400]
Event: 3193.551 Thread 0x000001cc7efb5520 64182       3       com.android.tools.r8.graph.wb::<init> (756 bytes)
Event: 3193.560 Thread 0x000001cc7ef9a840 64184       4       com.android.tools.r8.dex.l0::a (315 bytes)
Event: 3193.562 Thread 0x000001cc7efb5520 nmethod 64182 0x000001cc012f6590 code [0x000001cc012f7160, 0x000001cc012ff320]
Event: 3193.562 Thread 0x000001cc7efb5520 64180       3       com.android.tools.r8.internal.y30::a (510 bytes)
Event: 3193.568 Thread 0x000001cc7efb5520 nmethod 64180 0x000001cc007d6510 code [0x000001cc007d6bc0, 0x000001cc007daea8]
Event: 3193.568 Thread 0x000001cc7efb5520 64181       3       com.android.tools.r8.internal.ep1::a (70 bytes)
Event: 3193.570 Thread 0x000001cc7efb5520 nmethod 64181 0x000001cc002a0090 code [0x000001cc002a0400, 0x000001cc002a1c58]
Event: 3193.572 Thread 0x000001cc7efb5520 64185       1       com.android.tools.r8.internal.je0::v (4 bytes)
Event: 3193.573 Thread 0x000001cc7efb5520 nmethod 64185 0x000001cc07e24110 code [0x000001cc07e242a0, 0x000001cc07e24368]

GC Heap History (20 events):
Event: 2732.346 GC heap after
{Heap after GC invocations=129 (full 0):
 garbage-first heap   total 722944K, used 273029K [0x0000000700000000, 0x0000000800000000)
  region size 2048K, 9 young (18432K), 9 survivors (18432K)
 Metaspace       used 163789K, committed 166272K, reserved 1245184K
  class space    used 21846K, committed 23040K, reserved 1048576K
}
Event: 2774.850 GC heap before
{Heap before GC invocations=129 (full 0):
 garbage-first heap   total 727040K, used 723589K [0x0000000700000000, 0x0000000800000000)
  region size 2048K, 148 young (303104K), 9 survivors (18432K)
 Metaspace       used 163809K, committed 166272K, reserved 1245184K
  class space    used 21846K, committed 23040K, reserved 1048576K
}
Event: 2774.871 GC heap after
{Heap after GC invocations=130 (full 0):
 garbage-first heap   total 735232K, used 256482K [0x0000000700000000, 0x0000000800000000)
  region size 2048K, 3 young (6144K), 3 survivors (6144K)
 Metaspace       used 163809K, committed 166272K, reserved 1245184K
  class space    used 21846K, committed 23040K, reserved 1048576K
}
Event: 2882.240 GC heap before
{Heap before GC invocations=130 (full 0):
 garbage-first heap   total 735232K, used 510434K [0x0000000700000000, 0x0000000800000000)
  region size 2048K, 128 young (262144K), 3 survivors (6144K)
 Metaspace       used 163943K, committed 166464K, reserved 1245184K
  class space    used 21853K, committed 23104K, reserved 1048576K
}
Event: 2882.279 GC heap after
{Heap after GC invocations=131 (full 0):
 garbage-first heap   total 735232K, used 261692K [0x0000000700000000, 0x0000000800000000)
  region size 2048K, 12 young (24576K), 12 survivors (24576K)
 Metaspace       used 163943K, committed 166464K, reserved 1245184K
  class space    used 21853K, committed 23104K, reserved 1048576K
}
Event: 3163.130 GC heap before
{Heap before GC invocations=132 (full 0):
 garbage-first heap   total 735232K, used 730684K [0x0000000700000000, 0x0000000800000000)
  region size 2048K, 166 young (339968K), 12 survivors (24576K)
 Metaspace       used 164109K, committed 166592K, reserved 1245184K
  class space    used 21857K, committed 23104K, reserved 1048576K
}
Event: 3163.414 GC heap after
{Heap after GC invocations=133 (full 0):
 garbage-first heap   total 759808K, used 260924K [0x0000000700000000, 0x0000000800000000)
  region size 2048K, 12 young (24576K), 12 survivors (24576K)
 Metaspace       used 164109K, committed 166592K, reserved 1245184K
  class space    used 21857K, committed 23104K, reserved 1048576K
}
Event: 3186.116 GC heap before
{Heap before GC invocations=133 (full 0):
 garbage-first heap   total 759808K, used 693052K [0x0000000700000000, 0x0000000800000000)
  region size 2048K, 222 young (454656K), 12 survivors (24576K)
 Metaspace       used 164140K, committed 166656K, reserved 1245184K
  class space    used 21857K, committed 23104K, reserved 1048576K
}
Event: 3186.325 GC heap after
{Heap after GC invocations=134 (full 0):
 garbage-first heap   total 759808K, used 276069K [0x0000000700000000, 0x0000000800000000)
  region size 2048K, 25 young (51200K), 25 survivors (51200K)
 Metaspace       used 164140K, committed 166656K, reserved 1245184K
  class space    used 21857K, committed 23104K, reserved 1048576K
}
Event: 3187.387 GC heap before
{Heap before GC invocations=134 (full 0):
 garbage-first heap   total 759808K, used 454245K [0x0000000700000000, 0x0000000800000000)
  region size 2048K, 112 young (229376K), 25 survivors (51200K)
 Metaspace       used 164146K, committed 166656K, reserved 1245184K
  class space    used 21857K, committed 23104K, reserved 1048576K
}
Event: 3187.529 GC heap after
{Heap after GC invocations=135 (full 0):
 garbage-first heap   total 759808K, used 291840K [0x0000000700000000, 0x0000000800000000)
  region size 2048K, 9 young (18432K), 9 survivors (18432K)
 Metaspace       used 164146K, committed 166656K, reserved 1245184K
  class space    used 21857K, committed 23104K, reserved 1048576K
}
Event: 3188.815 GC heap before
{Heap before GC invocations=135 (full 0):
 garbage-first heap   total 759808K, used 594944K [0x0000000700000000, 0x0000000800000000)
  region size 2048K, 157 young (321536K), 9 survivors (18432K)
 Metaspace       used 164150K, committed 166656K, reserved 1245184K
  class space    used 21857K, committed 23104K, reserved 1048576K
}
Event: 3188.855 GC heap after
{Heap after GC invocations=136 (full 0):
 garbage-first heap   total 759808K, used 296960K [0x0000000700000000, 0x0000000800000000)
  region size 2048K, 11 young (22528K), 11 survivors (22528K)
 Metaspace       used 164150K, committed 166656K, reserved 1245184K
  class space    used 21857K, committed 23104K, reserved 1048576K
}
Event: 3190.483 GC heap before
{Heap before GC invocations=137 (full 0):
 garbage-first heap   total 759808K, used 661504K [0x0000000700000000, 0x0000000800000000)
  region size 2048K, 189 young (387072K), 11 survivors (22528K)
 Metaspace       used 164150K, committed 166656K, reserved 1245184K
  class space    used 21857K, committed 23104K, reserved 1048576K
}
Event: 3190.529 GC heap after
{Heap after GC invocations=138 (full 0):
 garbage-first heap   total 759808K, used 308224K [0x0000000700000000, 0x0000000800000000)
  region size 2048K, 17 young (34816K), 17 survivors (34816K)
 Metaspace       used 164150K, committed 166656K, reserved 1245184K
  class space    used 21857K, committed 23104K, reserved 1048576K
}
Event: 3191.681 GC heap before
{Heap before GC invocations=138 (full 0):
 garbage-first heap   total 759808K, used 654336K [0x0000000700000000, 0x0000000800000000)
  region size 2048K, 186 young (380928K), 17 survivors (34816K)
 Metaspace       used 164151K, committed 166656K, reserved 1245184K
  class space    used 21857K, committed 23104K, reserved 1048576K
}
Event: 3191.729 GC heap after
{Heap after GC invocations=139 (full 0):
 garbage-first heap   total 759808K, used 300444K [0x0000000700000000, 0x0000000800000000)
  region size 2048K, 6 young (12288K), 6 survivors (12288K)
 Metaspace       used 164151K, committed 166656K, reserved 1245184K
  class space    used 21857K, committed 23104K, reserved 1048576K
}
Event: 3192.834 GC heap before
{Heap before GC invocations=139 (full 0):
 garbage-first heap   total 759808K, used 681372K [0x0000000700000000, 0x0000000800000000)
  region size 2048K, 192 young (393216K), 6 survivors (12288K)
 Metaspace       used 164155K, committed 166656K, reserved 1245184K
  class space    used 21857K, committed 23104K, reserved 1048576K
}
Event: 3192.877 GC heap after
{Heap after GC invocations=140 (full 0):
 garbage-first heap   total 759808K, used 306374K [0x0000000700000000, 0x0000000800000000)
  region size 2048K, 11 young (22528K), 11 survivors (22528K)
 Metaspace       used 164155K, committed 166656K, reserved 1245184K
  class space    used 21857K, committed 23104K, reserved 1048576K
}
Event: 3193.609 GC heap before
{Heap before GC invocations=140 (full 0):
 garbage-first heap   total 759808K, used 683206K [0x0000000700000000, 0x0000000800000000)
  region size 2048K, 196 young (401408K), 11 survivors (22528K)
 Metaspace       used 164176K, committed 166720K, reserved 1245184K
  class space    used 21858K, committed 23104K, reserved 1048576K
}

Dll operation events (3 events):
Event: 0.039 Loaded shared library C:\Program Files\Android\Android Studio1\jbr\bin\java.dll
Event: 0.076 Loaded shared library C:\Program Files\Android\Android Studio1\jbr\bin\zip.dll
Event: 3.582 Loaded shared library C:\Program Files\Android\Android Studio1\jbr\bin\verify.dll

Deoptimization events (20 events):
Event: 3187.970 Thread 0x000001cc22bf7960 DEOPT PACKING pc=0x000001cc08fc8a34 sp=0x00000010b7cfd090
Event: 3187.970 Thread 0x000001cc22bf7960 DEOPT UNPACKING pc=0x000001cc07584422 sp=0x00000010b7cfd048 mode 2
Event: 3187.970 Thread 0x000001cc22bf7960 Uncommon trap: trap_request=0xffffffde fr.pc=0x000001cc08fc8a34 relative=0x00000000000009b4
Event: 3187.970 Thread 0x000001cc22bf7960 Uncommon trap: reason=class_check action=maybe_recompile pc=0x000001cc08fc8a34 method=com.android.tools.r8.internal.s84.a(Lcom/android/tools/r8/internal/jd4;Lcom/android/tools/r8/internal/w84;)V @ 294 c2
Event: 3187.970 Thread 0x000001cc22bf7960 DEOPT PACKING pc=0x000001cc08fc8a34 sp=0x00000010b7cfd090
Event: 3187.970 Thread 0x000001cc22bf7960 DEOPT UNPACKING pc=0x000001cc07584422 sp=0x00000010b7cfd048 mode 2
Event: 3187.998 Thread 0x000001cc250150c0 DEOPT PACKING pc=0x000001cc02650083 sp=0x00000010ba7fd280
Event: 3187.998 Thread 0x000001cc250150c0 DEOPT UNPACKING pc=0x000001cc07584bc2 sp=0x00000010ba7fc930 mode 0
Event: 3188.012 Thread 0x000001cc22bf7960 DEOPT PACKING pc=0x000001cc0261cf0e sp=0x00000010b7cfce30
Event: 3188.012 Thread 0x000001cc22bf7960 DEOPT UNPACKING pc=0x000001cc07584bc2 sp=0x00000010b7cfc3b8 mode 0
Event: 3189.640 Thread 0x000001cc22bf7960 DEOPT PACKING pc=0x000001cc00887d1e sp=0x00000010b7cfce90
Event: 3189.640 Thread 0x000001cc22bf7960 DEOPT UNPACKING pc=0x000001cc07584bc2 sp=0x00000010b7cfc5a8 mode 0
Event: 3189.694 Thread 0x000001cc22bf7960 DEOPT PACKING pc=0x000001cc0261cf0e sp=0x00000010b7cfce30
Event: 3189.694 Thread 0x000001cc22bf7960 DEOPT UNPACKING pc=0x000001cc07584bc2 sp=0x00000010b7cfc3b8 mode 0
Event: 3191.588 Thread 0x000001cc250150c0 DEOPT PACKING pc=0x000001cc00887d1e sp=0x00000010ba7fd230
Event: 3191.588 Thread 0x000001cc250150c0 DEOPT UNPACKING pc=0x000001cc07584bc2 sp=0x00000010ba7fc948 mode 0
Event: 3193.289 Thread 0x000001cc22bf7960 Uncommon trap: trap_request=0xffffff76 fr.pc=0x000001cc082b5ad8 relative=0x0000000000000198
Event: 3193.289 Thread 0x000001cc22bf7960 Uncommon trap: reason=predicate action=maybe_recompile pc=0x000001cc082b5ad8 method=com.android.tools.r8.internal.y51.a(I[Ljava/lang/Object;)I @ 11 c2
Event: 3193.289 Thread 0x000001cc22bf7960 DEOPT PACKING pc=0x000001cc082b5ad8 sp=0x00000010b7cfcd80
Event: 3193.289 Thread 0x000001cc22bf7960 DEOPT UNPACKING pc=0x000001cc07584422 sp=0x00000010b7cfcd18 mode 2

Classes loaded (20 events):
Event: 845.464 Loading class java/lang/StackStreamFactory$StackFrameTraverser
Event: 845.465 Loading class java/lang/StackStreamFactory$StackFrameTraverser done
Event: 845.465 Loading class java/lang/StackStreamFactory$WalkerState
Event: 845.465 Loading class java/lang/StackStreamFactory$WalkerState done
Event: 845.465 Loading class java/lang/StackStreamFactory$StackFrameTraverser$StackFrameBuffer
Event: 845.466 Loading class java/lang/StackStreamFactory$FrameBuffer
Event: 845.467 Loading class java/lang/StackStreamFactory$FrameBuffer done
Event: 845.467 Loading class java/lang/StackStreamFactory$StackFrameTraverser$StackFrameBuffer done
Event: 845.469 Loading class java/util/logging/LogRecord
Event: 845.470 Loading class java/util/logging/LogRecord done
Event: 882.114 Loading class jdk/internal/math/FormattedFPDecimal
Event: 882.116 Loading class jdk/internal/math/FormattedFPDecimal done
Event: 1435.484 Loading class java/net/URLDecoder
Event: 1435.484 Loading class java/net/URLDecoder done
Event: 1435.511 Loading class java/util/zip/GZIPInputStream$1
Event: 1435.514 Loading class java/util/zip/GZIPInputStream$1 done
Event: 1437.305 Loading class java/util/zip/ZipOutputStream$XEntry
Event: 1437.306 Loading class java/util/zip/ZipOutputStream$XEntry done
Event: 1460.199 Loading class java/rmi/server/Unreferenced
Event: 1460.199 Loading class java/rmi/server/Unreferenced done

Classes unloaded (4 events):
Event: 718.755 Thread 0x000001cc7edee600 Unloading class 0x0000000801448000 'java/lang/invoke/LambdaForm$DMH+0x0000000801448000'
Event: 718.755 Thread 0x000001cc7edee600 Unloading class 0x00000008013d4400 'java/lang/invoke/LambdaForm$DMH+0x00000008013d4400'
Event: 718.755 Thread 0x000001cc7edee600 Unloading class 0x0000000801354400 'java/lang/invoke/LambdaForm$DMH+0x0000000801354400'
Event: 718.755 Thread 0x000001cc7edee600 Unloading class 0x0000000801281c00 'jdk/internal/reflect/GeneratedSerializationConstructorAccessor173'

Classes redefined (0 events):
No events

Internal exceptions (20 events):
Event: 3192.294 Thread 0x000001cc178505f0 Exception <a 'sun/nio/fs/WindowsException'{0x0000000722905980}> (0x0000000722905980) 
thrown [s\src\hotspot\share\prims\jni.cpp, line 537]
Event: 3192.303 Thread 0x000001cc178505f0 Exception <a 'sun/nio/fs/WindowsException'{0x0000000722502040}> (0x0000000722502040) 
thrown [s\src\hotspot\share\prims\jni.cpp, line 537]
Event: 3193.558 Thread 0x000001cc22bf7960 Exception <a 'sun/nio/fs/WindowsException'{0x0000000717001768}> (0x0000000717001768) 
thrown [s\src\hotspot\share\prims\jni.cpp, line 537]
Event: 3193.561 Thread 0x000001cc22bf7960 Exception <a 'sun/nio/fs/WindowsException'{0x0000000717047520}> (0x0000000717047520) 
thrown [s\src\hotspot\share\prims\jni.cpp, line 537]
Event: 3193.565 Thread 0x000001cc22bf7960 Exception <a 'sun/nio/fs/WindowsException'{0x000000071708dab8}> (0x000000071708dab8) 
thrown [s\src\hotspot\share\prims\jni.cpp, line 537]
Event: 3193.568 Thread 0x000001cc22bf7960 Exception <a 'sun/nio/fs/WindowsException'{0x00000007170d2710}> (0x00000007170d2710) 
thrown [s\src\hotspot\share\prims\jni.cpp, line 537]
Event: 3193.570 Thread 0x000001cc22bf7960 Exception <a 'sun/nio/fs/WindowsException'{0x00000007170d8380}> (0x00000007170d8380) 
thrown [s\src\hotspot\share\prims\jni.cpp, line 537]
Event: 3193.574 Thread 0x000001cc22bf7960 Exception <a 'sun/nio/fs/WindowsException'{0x00000007170e6bf8}> (0x00000007170e6bf8) 
thrown [s\src\hotspot\share\prims\jni.cpp, line 537]
Event: 3193.576 Thread 0x000001cc22bf7960 Exception <a 'sun/nio/fs/WindowsException'{0x00000007170ed278}> (0x00000007170ed278) 
thrown [s\src\hotspot\share\prims\jni.cpp, line 537]
Event: 3193.579 Thread 0x000001cc22bf7960 Exception <a 'sun/nio/fs/WindowsException'{0x00000007170f39f8}> (0x00000007170f39f8) 
thrown [s\src\hotspot\share\prims\jni.cpp, line 537]
Event: 3193.583 Thread 0x000001cc22bf7960 Exception <a 'sun/nio/fs/WindowsException'{0x0000000716dc8c18}> (0x0000000716dc8c18) 
thrown [s\src\hotspot\share\prims\jni.cpp, line 537]
Event: 3193.587 Thread 0x000001cc22bf7960 Exception <a 'sun/nio/fs/WindowsException'{0x0000000716dcf378}> (0x0000000716dcf378) 
thrown [s\src\hotspot\share\prims\jni.cpp, line 537]
Event: 3193.589 Thread 0x000001cc22bf7960 Exception <a 'sun/nio/fs/WindowsException'{0x0000000716dd5a80}> (0x0000000716dd5a80) 
thrown [s\src\hotspot\share\prims\jni.cpp, line 537]
Event: 3193.592 Thread 0x000001cc22bf7960 Exception <a 'sun/nio/fs/WindowsException'{0x0000000716dde988}> (0x0000000716dde988) 
thrown [s\src\hotspot\share\prims\jni.cpp, line 537]
Event: 3193.594 Thread 0x000001cc22bf7960 Exception <a 'sun/nio/fs/WindowsException'{0x0000000716de4f50}> (0x0000000716de4f50) 
thrown [s\src\hotspot\share\prims\jni.cpp, line 537]
Event: 3193.597 Thread 0x000001cc22bf7960 Exception <a 'sun/nio/fs/WindowsException'{0x0000000716dec2d8}> (0x0000000716dec2d8) 
thrown [s\src\hotspot\share\prims\jni.cpp, line 537]
Event: 3193.599 Thread 0x000001cc22bf7960 Exception <a 'sun/nio/fs/WindowsException'{0x0000000716df5cb8}> (0x0000000716df5cb8) 
thrown [s\src\hotspot\share\prims\jni.cpp, line 537]
Event: 3193.602 Thread 0x000001cc22bf7960 Exception <a 'sun/nio/fs/WindowsException'{0x00000007166401e8}> (0x00000007166401e8) 
thrown [s\src\hotspot\share\prims\jni.cpp, line 537]
Event: 3193.604 Thread 0x000001cc22bf7960 Exception <a 'sun/nio/fs/WindowsException'{0x0000000716687dc8}> (0x0000000716687dc8) 
thrown [s\src\hotspot\share\prims\jni.cpp, line 537]
Event: 3193.607 Thread 0x000001cc22bf7960 Exception <a 'sun/nio/fs/WindowsException'{0x00000007166d4010}> (0x00000007166d4010) 
thrown [s\src\hotspot\share\prims\jni.cpp, line 537]

ZGC Phase Switch (0 events):
No events

VM Operations (20 events):
Event: 3187.322 Executing non-safepoint VM operation: RendezvousGCThreads done
Event: 3187.386 Executing safepoint VM operation: G1CollectForAllocation (G1 Evacuation Pause)
Event: 3187.530 Executing safepoint VM operation: G1CollectForAllocation (G1 Evacuation Pause) done
Event: 3188.530 Executing safepoint VM operation: Cleanup
Event: 3188.531 Executing safepoint VM operation: Cleanup done
Event: 3188.815 Executing safepoint VM operation: G1CollectForAllocation (G1 Evacuation Pause)
Event: 3188.855 Executing safepoint VM operation: G1CollectForAllocation (G1 Evacuation Pause) done
Event: 3188.993 Executing safepoint VM operation: G1PauseRemark
Event: 3189.156 Executing safepoint VM operation: G1PauseRemark done
Event: 3189.581 Executing safepoint VM operation: G1PauseCleanup
Event: 3189.582 Executing safepoint VM operation: G1PauseCleanup done
Event: 3190.483 Executing safepoint VM operation: G1CollectForAllocation (G1 Evacuation Pause)
Event: 3190.529 Executing safepoint VM operation: G1CollectForAllocation (G1 Evacuation Pause) done
Event: 3191.681 Executing safepoint VM operation: G1CollectForAllocation (G1 Evacuation Pause)
Event: 3191.729 Executing safepoint VM operation: G1CollectForAllocation (G1 Evacuation Pause) done
Event: 3192.730 Executing safepoint VM operation: Cleanup
Event: 3192.730 Executing safepoint VM operation: Cleanup done
Event: 3192.834 Executing safepoint VM operation: G1CollectForAllocation (G1 Evacuation Pause)
Event: 3192.877 Executing safepoint VM operation: G1CollectForAllocation (G1 Evacuation Pause) done
Event: 3193.609 Executing safepoint VM operation: G1CollectForAllocation (G1 Evacuation Pause)

Memory protections (0 events):
No events

Nmethod flushes (20 events):
Event: 3189.151 Thread 0x000001cc7edee600 flushing  nmethod 0x000001cc016a1190
Event: 3189.151 Thread 0x000001cc7edee600 flushing  nmethod 0x000001cc016a2b10
Event: 3189.151 Thread 0x000001cc7edee600 flushing  nmethod 0x000001cc016cda90
Event: 3189.151 Thread 0x000001cc7edee600 flushing  nmethod 0x000001cc016f7a10
Event: 3189.151 Thread 0x000001cc7edee600 flushing  nmethod 0x000001cc016f8390
Event: 3189.151 Thread 0x000001cc7edee600 flushing  nmethod 0x000001cc016f8790
Event: 3189.151 Thread 0x000001cc7edee600 flushing  nmethod 0x000001cc016f8b90
Event: 3189.151 Thread 0x000001cc7edee600 flushing  nmethod 0x000001cc01727e10
Event: 3189.151 Thread 0x000001cc7edee600 flushing  nmethod 0x000001cc01729d10
Event: 3189.151 Thread 0x000001cc7edee600 flushing  nmethod 0x000001cc01862890
Event: 3189.151 Thread 0x000001cc7edee600 flushing  nmethod 0x000001cc01863290
Event: 3189.151 Thread 0x000001cc7edee600 flushing  nmethod 0x000001cc01969590
Event: 3189.151 Thread 0x000001cc7edee600 flushing  nmethod 0x000001cc02093310
Event: 3189.151 Thread 0x000001cc7edee600 flushing  nmethod 0x000001cc02096790
Event: 3189.151 Thread 0x000001cc7edee600 flushing  nmethod 0x000001cc020b4210
Event: 3189.151 Thread 0x000001cc7edee600 flushing  nmethod 0x000001cc020bb610
Event: 3189.151 Thread 0x000001cc7edee600 flushing  nmethod 0x000001cc020e2890
Event: 3189.151 Thread 0x000001cc7edee600 flushing  nmethod 0x000001cc0236d690
Event: 3189.151 Thread 0x000001cc7edee600 flushing  nmethod 0x000001cc0257ef90
Event: 3189.151 Thread 0x000001cc7edee600 flushing  nmethod 0x000001cc0257f610

Events (20 events):
Event: 3148.862 Thread 0x000001cc22bf7960 Thread added: 0x000001cc22bf8680
Event: 3163.421 Thread 0x000001cc22bf8680 Thread exited: 0x000001cc22bf8680
Event: 3163.423 Thread 0x000001cc22950f20 Thread exited: 0x000001cc22950f20
Event: 3167.416 Thread 0x000001cc7efb5520 Thread added: 0x000001cc22b204a0
Event: 3167.630 Thread 0x000001cc2294ee50 Thread added: 0x000001cc211d2fa0
Event: 3167.631 Thread 0x000001cc2294ee50 Thread added: 0x000001cc211d3630
Event: 3167.633 Thread 0x000001cc2294ee50 Thread added: 0x000001cc211d1bf0
Event: 3168.751 Thread 0x000001cc2294ee50 Thread added: 0x000001cc211d4350
Event: 3170.347 Thread 0x000001cc2294ee50 Thread added: 0x000001cc187ac6b0
Event: 3171.270 Thread 0x000001cc2294e7c0 Thread added: 0x000001cc250150c0
Event: 3172.147 Thread 0x000001cc22b204a0 Thread exited: 0x000001cc22b204a0
Event: 3172.585 Thread 0x000001cc7efb5520 Thread added: 0x000001cc1a7f7940
Event: 3173.254 Thread 0x000001cc1a7f7940 Thread exited: 0x000001cc1a7f7940
Event: 3183.749 Thread 0x000001cc7efb5520 Thread added: 0x000001cc1bba4c70
Event: 3183.768 Thread 0x000001cc2294ee50 Thread added: 0x000001cc25015750
Event: 3183.856 Thread 0x000001cc2294ee50 Thread added: 0x000001cc22bf6c40
Event: 3185.894 Thread 0x000001cc22bf93a0 Thread exited: 0x000001cc22bf93a0
Event: 3187.543 Thread 0x000001cc1bba4c70 Thread exited: 0x000001cc1bba4c70
Event: 3187.873 Thread 0x000001cc7ef9a840 Thread added: 0x000001cc23ac1a80
Event: 3189.158 Thread 0x000001cc23ac1a80 Thread exited: 0x000001cc23ac1a80


Dynamic libraries:
0x00007ff730320000 - 0x00007ff73032a000 	C:\Program Files\Android\Android Studio1\jbr\bin\java.exe
0x00007ffe01000000 - 0x00007ffe01267000 	C:\WINDOWS\SYSTEM32\ntdll.dll
0x00007ffdfff20000 - 0x00007ffdfffe9000 	C:\WINDOWS\System32\KERNEL32.DLL
0x00007ffdfe5e0000 - 0x00007ffdfe9d4000 	C:\WINDOWS\System32\KERNELBASE.dll
0x00007ffdfda00000 - 0x00007ffdfdb4b000 	C:\WINDOWS\System32\ucrtbase.dll
0x00007ffdf56c0000 - 0x00007ffdf56db000 	C:\Program Files\Android\Android Studio1\jbr\bin\VCRUNTIME140.dll
0x00007ffd9b5f0000 - 0x00007ffd9b608000 	C:\Program Files\Android\Android Studio1\jbr\bin\jli.dll
0x00007ffe00030000 - 0x00007ffe001f5000 	C:\WINDOWS\System32\USER32.dll
0x00007ffdfe470000 - 0x00007ffdfe497000 	C:\WINDOWS\System32\win32u.dll
0x00007ffdfee30000 - 0x00007ffdfee5b000 	C:\WINDOWS\System32\GDI32.dll
0x00007ffdfd8d0000 - 0x00007ffdfd9fa000 	C:\WINDOWS\System32\gdi32full.dll
0x00007ffdfe4a0000 - 0x00007ffdfe543000 	C:\WINDOWS\System32\msvcp_win.dll
0x00007ffde6a30000 - 0x00007ffde6cc3000 	C:\WINDOWS\WinSxS\amd64_microsoft.windows.common-controls_6595b64144ccf1df_6.0.26100.8115_none_3e075c82e3354f9c\COMCTL32.dll
0x00007ffe00a30000 - 0x00007ffe00ad9000 	C:\WINDOWS\System32\msvcrt.dll
0x00007ffdffff0000 - 0x00007ffe00022000 	C:\WINDOWS\System32\IMM32.DLL
0x00007ffdfa7e0000 - 0x00007ffdfa7ec000 	C:\Program Files\Android\Android Studio1\jbr\bin\vcruntime140_1.dll
0x00007ffd7aaa0000 - 0x00007ffd7ab2d000 	C:\Program Files\Android\Android Studio1\jbr\bin\msvcp140.dll
0x00007ffd4d850000 - 0x00007ffd4e4e6000 	C:\Program Files\Android\Android Studio1\jbr\bin\server\jvm.dll
0x00007ffe00f00000 - 0x00007ffe00fb6000 	C:\WINDOWS\System32\ADVAPI32.dll
0x00007ffdffc80000 - 0x00007ffdffd27000 	C:\WINDOWS\System32\sechost.dll
0x00007ffdfee60000 - 0x00007ffdfef78000 	C:\WINDOWS\System32\RPCRT4.dll
0x00007ffdff060000 - 0x00007ffdff0e0000 	C:\WINDOWS\System32\WS2_32.dll
0x00007ffdfd730000 - 0x00007ffdfd78e000 	C:\WINDOWS\SYSTEM32\POWRPROF.dll
0x00007ffddfdf0000 - 0x00007ffddfe26000 	C:\WINDOWS\SYSTEM32\WINMM.dll
0x00007ffded540000 - 0x00007ffded54b000 	C:\WINDOWS\SYSTEM32\VERSION.dll
0x00007ffdfd710000 - 0x00007ffdfd724000 	C:\WINDOWS\SYSTEM32\UMPDC.dll
0x00007ffdfc620000 - 0x00007ffdfc63b000 	C:\WINDOWS\SYSTEM32\kernel.appcore.dll
0x00007ffdf5680000 - 0x00007ffdf568a000 	C:\Program Files\Android\Android Studio1\jbr\bin\jimage.dll
0x00007ffdfba20000 - 0x00007ffdfbc62000 	C:\WINDOWS\SYSTEM32\DBGHELP.DLL
0x00007ffe006a0000 - 0x00007ffe00a22000 	C:\WINDOWS\System32\combase.dll
0x00007ffdfef80000 - 0x00007ffdff057000 	C:\WINDOWS\System32\OLEAUT32.dll
0x00007ffde3eb0000 - 0x00007ffde3eeb000 	C:\WINDOWS\SYSTEM32\dbgcore.DLL
0x00007ffdfe3c0000 - 0x00007ffdfe465000 	C:\WINDOWS\System32\bcryptPrimitives.dll
0x00007ffdab200000 - 0x00007ffdab20e000 	C:\Program Files\Android\Android Studio1\jbr\bin\instrument.dll
0x00007ffdf5640000 - 0x00007ffdf5660000 	C:\Program Files\Android\Android Studio1\jbr\bin\java.dll
0x00007ffdee1d0000 - 0x00007ffdee1e8000 	C:\Program Files\Android\Android Studio1\jbr\bin\zip.dll
0x00007ffdff510000 - 0x00007ffdffc76000 	C:\WINDOWS\System32\SHELL32.dll
0x00007ffdfec20000 - 0x00007ffdfed8a000 	C:\WINDOWS\System32\wintypes.dll
0x00007ffdfdb50000 - 0x00007ffdfe3b5000 	C:\WINDOWS\System32\windows.storage.dll
0x00007ffdff350000 - 0x00007ffdff447000 	C:\WINDOWS\System32\SHCORE.dll
0x00007ffdffd30000 - 0x00007ffdffd96000 	C:\WINDOWS\System32\shlwapi.dll
0x00007ffdfd7f0000 - 0x00007ffdfd819000 	C:\WINDOWS\SYSTEM32\profapi.dll
0x00007ffdf5670000 - 0x00007ffdf5680000 	C:\Program Files\Android\Android Studio1\jbr\bin\net.dll
0x00007ffded1c0000 - 0x00007ffded2ed000 	C:\WINDOWS\SYSTEM32\WINHTTP.dll
0x00007ffdfcb70000 - 0x00007ffdfcbdc000 	C:\WINDOWS\system32\mswsock.dll
0x00007ffdede70000 - 0x00007ffdede86000 	C:\Program Files\Android\Android Studio1\jbr\bin\nio.dll
0x00007ffdf5630000 - 0x00007ffdf5640000 	C:\Program Files\Android\Android Studio1\jbr\bin\verify.dll
0x00007ffdc0c40000 - 0x00007ffdc0c67000 	C:\Users\HP\.gradle\native\1def1411415f61bf3af743bc5b6707747c0891f09f0c88961ee8f79bc544acac\windows-amd64\native-platform.dll
0x00007ffd7a1e0000 - 0x00007ffd7a258000 	C:\Users\HP\.gradle\native\0.2.7\x86_64-windows-gnu\gradle-fileevents.dll
0x00007ffdeede0000 - 0x00007ffdeede9000 	C:\Program Files\Android\Android Studio1\jbr\bin\management.dll
0x00007ffdede60000 - 0x00007ffdede6b000 	C:\Program Files\Android\Android Studio1\jbr\bin\management_ext.dll
0x00007ffdfee20000 - 0x00007ffdfee28000 	C:\WINDOWS\System32\PSAPI.DLL
0x00007ffdfbf20000 - 0x00007ffdfbf52000 	C:\WINDOWS\SYSTEM32\IPHLPAPI.DLL
0x00007ffdfee10000 - 0x00007ffdfee1a000 	C:\WINDOWS\System32\NSI.dll
0x00007ffdef460000 - 0x00007ffdef469000 	C:\Program Files\Android\Android Studio1\jbr\bin\extnet.dll
0x00007ffdfcf70000 - 0x00007ffdfcf8b000 	C:\WINDOWS\SYSTEM32\CRYPTSP.dll
0x00007ffdfc580000 - 0x00007ffdfc5b9000 	C:\WINDOWS\system32\rsaenh.dll
0x00007ffdfcc20000 - 0x00007ffdfcc53000 	C:\WINDOWS\SYSTEM32\USERENV.dll
0x00007ffdfd7c0000 - 0x00007ffdfd7ea000 	C:\WINDOWS\SYSTEM32\bcrypt.dll
0x00007ffdfcdd0000 - 0x00007ffdfcddc000 	C:\WINDOWS\SYSTEM32\CRYPTBASE.dll
0x00007ffd95800000 - 0x00007ffd95808000 	C:\WINDOWS\system32\wshunix.dll
0x00007ffdd6f10000 - 0x00007ffdd6f28000 	C:\WINDOWS\system32\napinsp.dll
0x00007ffdfc0f0000 - 0x00007ffdfc222000 	C:\WINDOWS\SYSTEM32\DNSAPI.dll
0x00007ffdd6ef0000 - 0x00007ffdd6f03000 	C:\WINDOWS\System32\winrnr.dll
0x00007ffdd6ec0000 - 0x00007ffdd6ee2000 	C:\WINDOWS\system32\nlansp_c.dll
0x00007ffdecae0000 - 0x00007ffdecaf6000 	C:\WINDOWS\system32\wshbth.dll
0x00007ffdeeb90000 - 0x00007ffdeeb9b000 	C:\Windows\System32\rasadhlp.dll
0x00007ffdec230000 - 0x00007ffdec2b6000 	C:\WINDOWS\System32\fwpuclnt.dll
0x00007ffdad260000 - 0x00007ffdad267000 	C:\Program Files\Android\Android Studio1\jbr\bin\rmi.dll
0x00007ffd99980000 - 0x00007ffd9999e000 	C:\Users\HP\AppData\Local\Temp\native-platform1595134498511799538dir\native-platform.dll
0x00007ffdfc740000 - 0x00007ffdfc776000 	C:\WINDOWS\SYSTEM32\ntmarta.dll

JVMTI agents:
C:\Users\HP\.gradle\wrapper\dists\gradle-8.13-bin\5xuhj0ry160q40clulazy9h7d\gradle-8.13\lib\agents\gradle-instrumentation-agent-8.13.jar path:C:\Program Files\Android\Android Studio1\jbr\bin\instrument.dll, loaded, initialized, instrumentlib options:none

dbghelp: loaded successfully - version: 4.0.5 - missing functions: none
symbol engine: initialized successfully - sym options: 0x614 - pdb path: .;C:\Program Files\Android\Android Studio1\jbr\bin;C:\WINDOWS\SYSTEM32;C:\WINDOWS\WinSxS\amd64_microsoft.windows.common-controls_6595b64144ccf1df_6.0.26100.8115_none_3e075c82e3354f9c;C:\Program Files\Android\Android Studio1\jbr\bin\server;C:\Users\HP\.gradle\native\1def1411415f61bf3af743bc5b6707747c0891f09f0c88961ee8f79bc544acac\windows-amd64;C:\Users\HP\.gradle\native\0.2.7\x86_64-windows-gnu;C:\Users\HP\AppData\Local\Temp\native-platform1595134498511799538dir

VM Arguments:
jvm_args: --add-opens=java.base/java.lang=ALL-UNNAMED --add-opens=java.base/java.lang.invoke=ALL-UNNAMED --add-opens=java.base/java.util=ALL-UNNAMED --add-opens=java.prefs/java.util.prefs=ALL-UNNAMED --add-exports=jdk.compiler/com.sun.tools.javac.api=ALL-UNNAMED --add-exports=jdk.compiler/com.sun.tools.javac.util=ALL-UNNAMED --add-opens=java.base/java.util=ALL-UNNAMED --add-opens=java.prefs/java.util.prefs=ALL-UNNAMED --add-opens=java.base/java.nio.charset=ALL-UNNAMED --add-opens=java.base/java.net=ALL-UNNAMED --add-opens=java.base/java.util.concurrent.atomic=ALL-UNNAMED --add-opens=java.xml/javax.xml.namespace=ALL-UNNAMED -Xmx4096m -Dfile.encoding=UTF-8 -Duser.country=US -Duser.language=en -Duser.variant -javaagent:C:\Users\HP\.gradle\wrapper\dists\gradle-8.13-bin\5xuhj0ry160q40clulazy9h7d\gradle-8.13\lib\agents\gradle-instrumentation-agent-8.13.jar 
java_command: org.gradle.launcher.daemon.bootstrap.GradleDaemon 8.13
java_class_path (initial): C:\Users\HP\.gradle\wrapper\dists\gradle-8.13-bin\5xuhj0ry160q40clulazy9h7d\gradle-8.13\lib\gradle-daemon-main-8.13.jar
Launcher Type: SUN_STANDARD

[Global flags]
     intx CICompilerCount                          = 3                                         {product} {ergonomic}
     uint ConcGCThreads                            = 1                                         {product} {ergonomic}
     uint G1ConcRefinementThreads                  = 4                                         {product} {ergonomic}
   size_t G1HeapRegionSize                         = 2097152                                   {product} {ergonomic}
    uintx GCDrainStackTargetSize                   = 64                                        {product} {ergonomic}
   size_t InitialHeapSize                          = 268435456                                 {product} {ergonomic}
   size_t MarkStackSize                            = 4194304                                   {product} {ergonomic}
   size_t MaxHeapSize                              = 4294967296                                {product} {command line}
   size_t MaxNewSize                               = 2575302656                                {product} {ergonomic}
   size_t MinHeapDeltaBytes                        = 2097152                                   {product} {ergonomic}
   size_t MinHeapSize                              = 8388608                                   {product} {ergonomic}
    uintx NonNMethodCodeHeapSize                   = 5832780                                {pd product} {ergonomic}
    uintx NonProfiledCodeHeapSize                  = 122912730                              {pd product} {ergonomic}
    uintx ProfiledCodeHeapSize                     = 122912730                              {pd product} {ergonomic}
    uintx ReservedCodeCacheSize                    = 251658240                              {pd product} {ergonomic}
     bool SegmentedCodeCache                       = true                                      {product} {ergonomic}
   size_t SoftMaxHeapSize                          = 4294967296                             {manageable} {ergonomic}
     bool UseCompressedOops                        = true                           {product lp64_product} {ergonomic}
     bool UseG1GC                                  = true                                      {product} {ergonomic}
     bool UseLargePagesIndividualAllocation        = false                                  {pd product} {ergonomic}

Logging:
Log output configuration:
 #0: stdout all=warning uptime,level,tags foldmultilines=false
 #1: stderr all=off uptime,level,tags foldmultilines=false

Release file:
JAVA_VERSION="21.0.10" 
MODULES="java.base java.compiler java.datatransfer java.xml java.prefs java.desktop java.instrument java.logging java.management java.security.sasl java.naming java.rmi java.management.rmi java.net.http java.scripting java.security.jgss java.transaction.xa java.sql java.sql.rowset java.xml.crypto java.se java.smartcardio jdk.accessibility jdk.internal.jvmstat jdk.attach jdk.charsets jdk.internal.opt jdk.zipfs jdk.compiler jdk.crypto.ec jdk.crypto.cryptoki jdk.dynalink jdk.hotspot.agent jdk.httpserver jdk.internal.ed jdk.internal.le jdk.internal.vm.ci jdk.jartool jdk.javadoc jdk.jcmd jdk.jdeps jdk.jdwp.agent jdk.jdi jdk.jfr jdk.jlink jdk.jsobject jdk.localedata jdk.management jdk.management.agent jdk.management.jfr jdk.naming.dns jdk.naming.rmi jdk.net jdk.sctp jdk.security.auth jdk.security.jgss jdk.unsupported jdk.unsupported.desktop jdk.xml.dom" 
IMPLEMENTOR="JetBrains s.r.o." 
JAVA_RUNTIME_VERSION="21.0.10+-14961533-b1163.108" 
LIBC="default" 
OS_ARCH="x86_64" 
OS_NAME="Windows" 
SOURCE=".:git:1351622c2ff2" 

Environment Variables:
JAVA_HOME=C:\Program Files\Java\jdk-18.0.2.1
PATH=C:\Python314\Scripts\;C:\Python314\;C:\Program Files\Common Files\Oracle\Java\javapath;C:\Program Files\Eclipse Adoptium\jdk-17.0.17.10-hotspot\bin;C:\Program Files (x86)\VMware\VMware Workstation\bin\;C:\Users\HP\Downloads\;C:\Python313\;C:\WINDOWS\system32;C:\WINDOWS;C:\WINDOWS\System32\Wbem;C:\WINDOWS\System32\WindowsPowerShell\v1.0\;C:\WINDOWS\System32\OpenSSH\;C:\ProgramData\chocolatey\bin;C:\Program Files\Git\cmd;C:\Program Files\Git\bin;C:\Program Files\dotnet\;C:\Program Files (x86)\Windows Kits\10\Windows Performance Toolkit\;C:\Program Files\Microsoft SQL Server\Client SDK\ODBC\170\Tools\Binn\;C:\Program Files\Microsoft SQL Server\150\Tools\Binn\;"C:\Program Files\Java\jdk-18.0.2.1"\bin;C:\Users\HP\AppData\Local\Android\Sdk\platform-tools;C:\Users\HP\AppData\Local\Android\Sdk\platform-tools;C:\Users\HP\AppData\Local\nvm;C:\nvm4w\nodejs;C:\Program Files (x86)\VMware\VMware Workstation\bin\;C:\Users\HP\Downloads\;C:\Python313\;C:\Windows\system32;C:\Windows;C:\Windows\System32\Wbem;C:\Windows\System32\WindowsPowerShell\v1.0\;C:\Windows\System32\OpenSSH\;C:\ProgramData\chocolatey\bin;C:\Program Files\Docker\Docker\resources\bin;C:\Program Files\Git\cmd;C:\Program Files\Git\bin;C:\Program Files\dotnet\;C:\Program Files (x86)\Windows Kits\10\Windows Performance Toolkit\;C:\Program Files\Microsoft SQL Server\Client SDK\ODBC\170\Tools\Binn\;C:\Program Files\Microsoft SQL Server\150\Tools\Binn\;C:\Users\HP\AppData\Local\Programs\Python\Launcher\;C:\Users\HP\AppData\Local\Microsoft\WindowsApps;C:\Users\HP\AppData\Local\Programs\Microsoft VS Code\bin;C:\Users\HP\.dotnet\tools;C:\Users\HP\AppData\Local\Microsoft\WindowsApps;C:\Users\HP\AppData\Local\nvm;C:\nvm4w\nodejs
USERNAME=HP
OS=Windows_NT
PROCESSOR_IDENTIFIER=Intel64 Family 6 Model 78 Stepping 3, GenuineIntel
TMP=C:\Users\HP\AppData\Local\Temp
TEMP=C:\Users\HP\AppData\Local\Temp




Periodic native trim disabled

JNI global refs:
JNI global refs: 27, weak refs: 0

JNI global refs memory usage: 835, weak refs: 833

Process memory usage:
Resident Set Size: 991280K (5% of 16653120K total physical memory with 793576K free physical memory)

OOME stack traces (most recent first):
Classloader memory used:
Loader org.gradle.internal.classloader.VisitableURLClassLoader$InstrumentingVisitableURLClassLoader: 66003K
Loader org.gradle.internal.classloader.VisitableURLClassLoader                         : 48820K
Loader bootstrap                                                                       : 33375K
Loader org.gradle.initialization.MixInLegacyTypesClassLoader                           : 14022K
Loader jdk.internal.reflect.DelegatingClassLoader                                      : 704K
Loader jdk.internal.loader.ClassLoaders$PlatformClassLoader                            : 514K
Loader org.gradle.groovy.scripts.internal.DefaultScriptCompilationHandler$ScriptClassLoader: 443K
Loader jdk.internal.loader.ClassLoaders$AppClassLoader                                 : 242K
Loader org.codehaus.groovy.runtime.callsite.CallSiteClassLoader                        : 48856B
Loader sun.reflect.misc.MethodUtil                                                     : 2984B

Classes loaded by more than one classloader:
Class ijJvmDebugger1_cczc8vxz7m3kxxnoaqupzk0hw$_run_closure1                          : loaded 4 times (x 139B)
Class ijJvmDebugger1_cczc8vxz7m3kxxnoaqupzk0hw                                        : loaded 4 times (x 179B)
Class ijKotlinCoroutineJvmDebugInit1_buww37xxpwyrlogzp1suct069                        : loaded 4 times (x 179B)
Class ijJvmDebugger1_cczc8vxz7m3kxxnoaqupzk0hw$_run_closure1$_closure2                : loaded 4 times (x 140B)
Class ijKotlinCoroutineJvmDebugInit1_buww37xxpwyrlogzp1suct069$_run_closure1$_closure2: loaded 4 times (x 139B)
Class ijKotlinCoroutineJvmDebugInit1_buww37xxpwyrlogzp1suct069$_run_closure1          : loaded 4 times (x 139B)
Class com.intellij.gradle.toolingExtension.impl.initScript.util.GradleJvmForkedDebuggerHelper$getTasksToDebug: loaded 3 times (x 146B)
Class com.intellij.gradle.toolingExtension.impl.initScript.util.GradleLifecycleUtil   : loaded 3 times (x 71B)
Class com.intellij.gradle.toolingExtension.impl.initScript.util.GradleJvmForkedDebuggerHelper: loaded 3 times (x 71B)
Class com.intellij.gradle.toolingExtension.impl.util.collectionUtil.GradleCollectionUtil: loaded 3 times (x 71B)
Class com.intellij.gradle.toolingExtension.util.GradleVersionUtil                     : loaded 3 times (x 71B)
Class com.intellij.gradle.toolingExtension.impl.initScript.util.GradleTasksUtil       : loaded 3 times (x 71B)
Class ijKotlinCoroutineJvmDebugInit1_buww37xxpwyrlogzp1suct069$_run_closure1$_closure3: loaded 3 times (x 139B)
Class com.intellij.gradle.toolingExtension.impl.initScript.util.GradleDebuggerUtil    : loaded 3 times (x 71B)
Class org.gradle.api.internal.classpath.ManifestUtil                                  : loaded 2 times (x 71B)
Class com.google.common.io.ByteArrayDataOutput                                        : loaded 2 times (x 70B)
Class net.rubygrapefruit.platform.NativeException                                     : loaded 2 times (x 82B)
Class com.google.common.collect.RegularImmutableMap                                   : loaded 2 times (x 121B)
Class com.google.common.collect.ImmutableMap$MapViewOfValuesAsSingletonSets           : loaded 2 times (x 126B)
Class com.google.common.reflect.TypeCapture                                           : loaded 2 times (x 71B)
Class [Lorg.objectweb.asm.Symbol;                                                     : loaded 2 times (x 69B)
Class org.objectweb.asm.ClassVisitor                                                  : loaded 2 times (x 88B)
Class com.google.common.collect.UnmodifiableListIterator                              : loaded 2 times (x 95B)
Class com.google.common.base.Platform$JdkPatternCompiler                              : loaded 2 times (x 75B)
Class org.objectweb.asm.MethodTooLargeException                                       : loaded 2 times (x 83B)
Class [Lcom.google.common.cache.CacheBuilder$OneWeigher;                              : loaded 2 times (x 69B)
Class com.google.common.base.Suppliers                                                : loaded 2 times (x 71B)
Class org.gradle.internal.classloader.DefaultClassLoaderFactory                       : loaded 2 times (x 82B)
Class [Lcom.google.common.collect.AbstractIterator$State;                             : loaded 2 times (x 69B)
Class org.gradle.internal.classloader.ClassLoaderVisitor                              : loaded 2 times (x 76B)
Class net.rubygrapefruit.platform.NativeIntegrationUnavailableException               : loaded 2 times (x 82B)
Class net.rubygrapefruit.platform.internal.Platform                                   : loaded 2 times (x 79B)
Class [Lcom.google.common.collect.ImmutableMapEntry;                                  : loaded 2 times (x 69B)
Class org.gradle.api.internal.classpath.EffectiveClassPath                            : loaded 2 times (x 90B)
Class com.google.common.collect.CollectSpliterators$1WithCharacteristics              : loaded 2 times (x 90B)
Class com.google.common.collect.ListMultimap                                          : loaded 2 times (x 70B)
Class com.google.common.collect.ImmutableEnumMap                                      : loaded 2 times (x 126B)
Class com.google.common.collect.ImmutableList$1                                       : loaded 2 times (x 97B)
Class com.google.common.collect.Sets$1                                                : loaded 2 times (x 139B)
Class org.objectweb.asm.AnnotationVisitor                                             : loaded 2 times (x 78B)
Class org.gradle.api.internal.DefaultClassPathProvider                                : loaded 2 times (x 76B)
Class com.google.common.util.concurrent.ExecutionError                                : loaded 2 times (x 82B)
Class [Lcom.google.common.base.Function;                                              : loaded 2 times (x 69B)
Class com.google.common.collect.Maps$ViewCachingAbstractMap                           : loaded 2 times (x 125B)
Class com.google.common.collect.Sets$2                                                : loaded 2 times (x 139B)
Class [Lorg.gradle.api.internal.ClassPathProvider;                                    : loaded 2 times (x 69B)
Class org.gradle.api.internal.ClassPathProvider                                       : loaded 2 times (x 70B)
Class com.google.common.reflect.Types$ClassOwnership$1                                : loaded 2 times (x 80B)
Class [Lorg.objectweb.asm.AnnotationVisitor;                                          : loaded 2 times (x 69B)
Class com.google.common.collect.Sets$3                                                : loaded 2 times (x 139B)
Class com.google.common.util.concurrent.AbstractFuture$SafeAtomicHelper               : loaded 2 times (x 79B)
Class com.google.common.cache.LocalCache$LocalLoadingCache                            : loaded 2 times (x 134B)
Class org.gradle.internal.service.UnknownServiceException                             : loaded 2 times (x 83B)
Class com.google.common.reflect.Types$ClassOwnership$2                                : loaded 2 times (x 80B)
Class com.google.common.reflect.TypeResolver                                          : loaded 2 times (x 72B)
Class com.google.common.io.ByteArrayDataInput                                         : loaded 2 times (x 70B)
Class com.google.common.collect.Sets$4                                                : loaded 2 times (x 139B)
Class org.objectweb.asm.ModuleVisitor                                                 : loaded 2 times (x 81B)
Class com.google.common.cache.LocalCache$Strength$1                                   : loaded 2 times (x 81B)
Class com.google.common.reflect.Types$ClassOwnership$3                                : loaded 2 times (x 71B)
Class com.google.common.collect.Collections2$FilteredCollection                       : loaded 2 times (x 119B)
Class net.rubygrapefruit.platform.internal.Platform$MacOs64Bit                        : loaded 2 times (x 82B)
Class com.google.common.util.concurrent.SettableFuture                                : loaded 2 times (x 114B)
Class com.google.common.cache.LocalCache$Strength$2                                   : loaded 2 times (x 81B)
Class [Lcom.google.common.collect.Maps$EntryFunction;                                 : loaded 2 times (x 69B)
Class com.google.common.collect.TransformedIterator                                   : loaded 2 times (x 80B)
Class com.google.common.io.ByteStreams                                                : loaded 2 times (x 71B)
Class net.rubygrapefruit.platform.internal.Platform$Posix                             : loaded 2 times (x 81B)
Class com.google.common.cache.LocalCache$Strength$3                                   : loaded 2 times (x 81B)
Class com.google.common.collect.MapDifference                                         : loaded 2 times (x 70B)
Class com.google.common.reflect.Invokable                                             : loaded 2 times (x 103B)
Class org.objectweb.asm.FieldWriter                                                   : loaded 2 times (x 78B)
Class com.google.common.cache.CacheBuilder$NullListener                               : loaded 2 times (x 82B)
Class org.gradle.internal.classpath.TransformedClassPath                              : loaded 2 times (x 96B)
Class org.gradle.internal.classloader.InstrumentingClassLoader                        : loaded 2 times (x 70B)
Class com.google.common.reflect.Types$ParameterizedTypeImpl                           : loaded 2 times (x 81B)
Class com.google.common.collect.Maps$IteratorBasedAbstractMap$1                       : loaded 2 times (x 138B)
Class com.google.common.cache.CacheLoader$FunctionToCacheLoader                       : loaded 2 times (x 75B)
Class com.google.common.collect.Iterators$ArrayItr                                    : loaded 2 times (x 97B)
Class com.google.common.collect.ImmutableCollection$Builder                           : loaded 2 times (x 76B)
Class com.google.common.reflect.TypeResolver$TypeVariableKey                          : loaded 2 times (x 72B)
Class com.google.common.base.Joiner                                                   : loaded 2 times (x 79B)
Class com.google.common.base.MoreObjects                                              : loaded 2 times (x 71B)
Class [Lorg.objectweb.asm.Attribute;                                                  : loaded 2 times (x 69B)
Class com.google.common.collect.Platform                                              : loaded 2 times (x 71B)
Class [Lorg.objectweb.asm.Type;                                                       : loaded 2 times (x 69B)
Class com.google.common.collect.UnmodifiableIterator                                  : loaded 2 times (x 80B)
Class org.gradle.internal.service.ServiceLocator                                      : loaded 2 times (x 70B)
Class com.google.common.collect.ImmutableEnumSet                                      : loaded 2 times (x 146B)
Class com.google.common.collect.HashBiMap$BiEntry                                     : loaded 2 times (x 83B)
Class com.google.common.base.Ascii                                                    : loaded 2 times (x 71B)
Class com.google.common.collect.SingletonImmutableBiMap                               : loaded 2 times (x 143B)
Class com.google.common.cache.LocalCache$1                                            : loaded 2 times (x 89B)
Class com.google.common.collect.AbstractMapEntry                                      : loaded 2 times (x 81B)
Class com.google.common.reflect.TypeToken$SimpleTypeToken                             : loaded 2 times (x 73B)
Class com.google.common.collect.AbstractSetMultimap                                   : loaded 2 times (x 174B)
Class com.google.common.collect.Sets$ImprovedAbstractSet                              : loaded 2 times (x 135B)
Class com.google.common.collect.ImmutableList$Builder                                 : loaded 2 times (x 77B)
Class com.google.common.collect.AbstractMultimap                                      : loaded 2 times (x 123B)
Class com.google.common.cache.LocalCache$2                                            : loaded 2 times (x 142B)
Class com.google.common.util.concurrent.AbstractFuture$UnsafeAtomicHelper$1           : loaded 2 times (x 76B)
Class com.google.common.collect.RegularImmutableAsList                                : loaded 2 times (x 217B)
Class settings_4zokqbb2yqm4zaj7tzw9emgso                                              : loaded 2 times (x 179B)
Class com.google.common.base.Optional                                                 : loaded 2 times (x 80B)
Class com.google.common.util.concurrent.AbstractFuture$Trusted                        : loaded 2 times (x 70B)
Class com.google.common.collect.Iterators                                             : loaded 2 times (x 71B)
Class net.rubygrapefruit.platform.internal.Platform$FreeBSD                           : loaded 2 times (x 82B)
Class com.google.common.collect.AbstractMapBasedMultimap$WrappedCollection            : loaded 2 times (x 124B)
Class net.rubygrapefruit.platform.internal.Platform$Linux32Bit                        : loaded 2 times (x 83B)
Class com.google.common.collect.Lists$StringAsImmutableList                           : loaded 2 times (x 207B)
Class com.google.common.util.concurrent.UncheckedExecutionException                   : loaded 2 times (x 82B)
Class org.gradle.internal.classloader.ClassLoaderHierarchy                            : loaded 2 times (x 70B)
Class net.rubygrapefruit.platform.Native                                              : loaded 2 times (x 71B)
Class net.rubygrapefruit.platform.NativeIntegration                                   : loaded 2 times (x 70B)
Class org.gradle.internal.InternalTransformer                                         : loaded 2 times (x 70B)
Class [Lnet.rubygrapefruit.platform.internal.FunctionResult$Failure;                  : loaded 2 times (x 69B)
Class com.google.common.collect.AbstractMapBasedMultimap$KeySet$1                     : loaded 2 times (x 82B)
Class org.objectweb.asm.ClassWriter                                                   : loaded 2 times (x 106B)
Class com.google.common.base.CharMatcher$And                                          : loaded 2 times (x 112B)
Class com.google.common.cache.CacheLoader$UnsupportedLoadingOperationException        : loaded 2 times (x 82B)
Class org.gradle.internal.classloader.ClasspathUtil$1                                 : loaded 2 times (x 76B)
Class com.google.common.collect.FluentIterable$1                                      : loaded 2 times (x 81B)
Class com.google.common.base.Objects                                                  : loaded 2 times (x 71B)
Class org.objectweb.asm.FieldVisitor                                                  : loaded 2 times (x 77B)
Class com.google.common.collect.IndexedImmutableSet                                   : loaded 2 times (x 152B)
Class com.google.common.collect.ImmutableMap$1                                        : loaded 2 times (x 81B)
Class com.google.common.collect.BiMap                                                 : loaded 2 times (x 70B)
Class org.gradle.api.internal.classpath.DefaultModuleRegistry$DefaultModule           : loaded 2 times (x 86B)
Class com.google.common.reflect.Reflection                                            : loaded 2 times (x 71B)
Class com.google.common.collect.FluentIterable$2                                      : loaded 2 times (x 81B)
Class com.google.common.base.Absent                                                   : loaded 2 times (x 80B)
Class com.google.common.primitives.Ints                                               : loaded 2 times (x 71B)
Class com.google.common.collect.AbstractIterator                                      : loaded 2 times (x 82B)
Class com.google.common.collect.FluentIterable$3                                      : loaded 2 times (x 81B)
Class com.google.common.collect.ObjectArrays                                          : loaded 2 times (x 71B)
Class com.google.common.collect.Multiset                                              : loaded 2 times (x 70B)
Class com.google.common.collect.ArrayListMultimapGwtSerializationDependencies         : loaded 2 times (x 172B)
Class com.google.common.collect.AbstractIndexedListIterator                           : loaded 2 times (x 96B)
Class com.google.common.math.MathPreconditions                                        : loaded 2 times (x 71B)
Class com.google.common.collect.ImmutableMapEntrySet                                  : loaded 2 times (x 152B)
Class org.gradle.api.internal.classpath.Module                                        : loaded 2 times (x 70B)
Class com.google.common.cache.Weigher                                                 : loaded 2 times (x 70B)
Class org.gradle.api.internal.classpath.UnknownModuleException                        : loaded 2 times (x 82B)
Class com.google.common.base.Stopwatch                                                : loaded 2 times (x 72B)
Class com.google.common.cache.LocalCache$Strength                                     : loaded 2 times (x 81B)
Class com.google.common.cache.Cache                                                   : loaded 2 times (x 70B)
Class com.google.common.base.NullnessCasts                                            : loaded 2 times (x 71B)
Class com.google.common.util.concurrent.AbstractFuture$Cancellation                   : loaded 2 times (x 72B)
Class com.google.common.collect.ImmutableMap$Builder                                  : loaded 2 times (x 82B)
Class com.google.common.collect.Maps$EntryFunction$1                                  : loaded 2 times (x 91B)
Class com.google.common.base.Present                                                  : loaded 2 times (x 81B)
Class com.google.common.collect.AbstractMapBasedMultimap$WrappedCollection$WrappedIterator: loaded 2 times (x 84B)
Class net.rubygrapefruit.platform.internal.FunctionResult                             : loaded 2 times (x 77B)
Class com.google.common.cache.RemovalListener                                         : loaded 2 times (x 70B)
Class org.gradle.api.internal.DefaultClassPathRegistry                                : loaded 2 times (x 76B)
Class com.google.common.reflect.Invokable$ConstructorInvokable                        : loaded 2 times (x 107B)
Class com.google.common.collect.Maps$EntryFunction$2                                  : loaded 2 times (x 91B)
Class net.rubygrapefruit.platform.NativeIntegrationLinkageException                   : loaded 2 times (x 82B)
Class com.google.common.primitives.IntsMethodsForWeb                                  : loaded 2 times (x 71B)
Class com.google.common.collect.Multimap                                              : loaded 2 times (x 70B)
Class org.gradle.api.internal.ClassPathRegistry                                       : loaded 2 times (x 70B)
Class org.gradle.internal.classpath.DefaultClassPath$ImmutableUniqueList              : loaded 2 times (x 199B)
Class com.google.common.reflect.TypeToken                                             : loaded 2 times (x 73B)
Class com.google.common.collect.NullnessCasts                                         : loaded 2 times (x 71B)
Class com.google.common.base.ExtraObjectsMethodsForWeb                                : loaded 2 times (x 71B)
Class com.google.common.base.CharMatcher$IsEither                                     : loaded 2 times (x 111B)
Class net.rubygrapefruit.platform.internal.jni.NativeLibraryFunctions                 : loaded 2 times (x 71B)
Class com.google.common.cache.CacheBuilder                                            : loaded 2 times (x 72B)
Class com.google.common.collect.SingletonImmutableList                                : loaded 2 times (x 207B)
Class org.gradle.internal.classpath.ClassPath                                         : loaded 2 times (x 70B)
Class org.gradle.api.UncheckedIOException                                             : loaded 2 times (x 82B)
Class [Lcom.google.common.reflect.Types$JavaVersion;                                  : loaded 2 times (x 69B)
Class com.google.common.base.JdkPattern                                               : loaded 2 times (x 75B)
Class com.google.common.collect.ImmutableList$ReverseImmutableList                    : loaded 2 times (x 209B)
Class net.rubygrapefruit.platform.internal.Platform$Windows                           : loaded 2 times (x 79B)
Class org.objectweb.asm.SymbolTable$Entry                                             : loaded 2 times (x 74B)
Class com.google.common.util.concurrent.AbstractFuture$AtomicHelper                   : loaded 2 times (x 78B)
Class net.rubygrapefruit.platform.internal.Platform$FreeBSD64Bit                      : loaded 2 times (x 82B)
Class com.google.common.collect.SortedSetMultimap                                     : loaded 2 times (x 70B)
Class org.gradle.internal.classloader.FilteringClassLoader                            : loaded 2 times (x 105B)
Class org.objectweb.asm.Edge                                                          : loaded 2 times (x 72B)
Class com.google.common.base.Suppliers$SupplierOfInstance                             : loaded 2 times (x 79B)
Class com.google.common.collect.Iterators$1                                           : loaded 2 times (x 81B)
Class com.google.common.reflect.TypeToken$1                                           : loaded 2 times (x 110B)
Class com.google.common.cache.LocalCache$ComputingValueReference                      : loaded 2 times (x 96B)
Class com.google.common.collect.SingletonImmutableSet                                 : loaded 2 times (x 146B)
Class com.google.common.collect.ImmutableMap$IteratorBasedImmutableMap                : loaded 2 times (x 126B)
Class com.google.common.reflect.TypeToken$2                                           : loaded 2 times (x 110B)
Class com.google.common.cache.LocalCache$Segment                                      : loaded 2 times (x 154B)
Class net.rubygrapefruit.platform.internal.LibraryDef                                 : loaded 2 times (x 72B)
Class com.google.common.collect.AbstractListMultimap                                  : loaded 2 times (x 172B)
Class [Lorg.objectweb.asm.SymbolTable$Entry;                                          : loaded 2 times (x 69B)
Class com.google.common.cache.CacheLoader                                             : loaded 2 times (x 74B)
Class com.google.common.collect.Iterators$4                                           : loaded 2 times (x 82B)
Class com.google.common.collect.ImmutableBiMap                                        : loaded 2 times (x 143B)
Class org.gradle.internal.installation.GradleInstallation$1                           : loaded 2 times (x 75B)
Class org.gradle.api.internal.classpath.ModuleRegistry                                : loaded 2 times (x 70B)
Class build_7isusb1bo626i1ob1omktz1dg                                                 : loaded 2 times (x 180B)
Class com.google.common.util.concurrent.internal.InternalFutureFailureAccess          : loaded 2 times (x 72B)
Class com.google.common.collect.Iterators$5                                           : loaded 2 times (x 82B)
Class com.google.common.collect.ImmutableSet$JdkBackedSetBuilderImpl                  : loaded 2 times (x 76B)
Class com.google.common.collect.Iterators$6                                           : loaded 2 times (x 81B)
Class com.google.common.collect.HashBiMap$Inverse                                     : loaded 2 times (x 142B)
Class com.google.common.util.concurrent.AbstractFuture$UnsafeAtomicHelper             : loaded 2 times (x 78B)
Class com.google.common.base.CharMatcher$ForPredicate                                 : loaded 2 times (x 112B)
Class com.google.common.cache.LocalCache$LocalManualCache$1                           : loaded 2 times (x 75B)
Class com.google.common.collect.Multimaps$CustomSetMultimap                           : loaded 2 times (x 178B)
Class net.rubygrapefruit.platform.internal.Platform$Window32Bit                       : loaded 2 times (x 79B)
Class com.google.common.base.CharMatcher$AnyOf                                        : loaded 2 times (x 112B)
Class com.google.common.collect.ImmutableCollection                                   : loaded 2 times (x 125B)
Class org.gradle.api.internal.classpath.DefaultModuleRegistry                         : loaded 2 times (x 86B)
Class com.google.common.collect.Lists                                                 : loaded 2 times (x 71B)
Class com.google.common.util.concurrent.ListenableFuture                              : loaded 2 times (x 70B)
Class com.google.common.cache.ReferenceEntry                                          : loaded 2 times (x 70B)
Class com.google.common.base.Converter                                                : loaded 2 times (x 90B)
Class com.google.common.collect.ImmutableSet$CachingAsList                            : loaded 2 times (x 148B)
Class com.google.common.collect.AbstractMapBasedMultimap                              : loaded 2 times (x 139B)
Class com.google.common.util.concurrent.AbstractFuture                                : loaded 2 times (x 106B)
Class com.google.common.base.FunctionalEquivalence                                    : loaded 2 times (x 83B)
Class com.google.common.collect.Iterators$9                                           : loaded 2 times (x 81B)
Class com.google.common.collect.ImmutableAsList                                       : loaded 2 times (x 209B)
Class com.google.common.reflect.TypeResolver$TypeTable                                : loaded 2 times (x 73B)
Class org.objectweb.asm.RecordComponentVisitor                                        : loaded 2 times (x 77B)
Class com.google.common.cache.CacheLoader$SupplierToCacheLoader                       : loaded 2 times (x 75B)
Class com.google.common.reflect.TypeResolver$TypeTable$1                              : loaded 2 times (x 73B)
Class com.google.common.collect.Maps$EntryTransformer                                 : loaded 2 times (x 70B)
Class org.gradle.internal.service.ServiceLookupException                              : loaded 2 times (x 82B)
Class com.google.common.collect.Lists$ReverseList                                     : loaded 2 times (x 200B)
Class [Lcom.google.common.cache.LocalCache$EntryFactory;                              : loaded 2 times (x 69B)
Class org.gradle.internal.classloader.ClassLoaderFactory                              : loaded 2 times (x 70B)
Class net.rubygrapefruit.platform.internal.Platform$Linux                             : loaded 2 times (x 83B)
Class com.google.common.base.CommonPattern                                            : loaded 2 times (x 74B)
Class com.google.common.base.CharMatcher$IsNot                                        : loaded 2 times (x 111B)
Class com.google.common.cache.LocalCache$LocalManualCache                             : loaded 2 times (x 99B)
Class org.gradle.internal.service.CachingServiceLocator                               : loaded 2 times (x 82B)
Class com.google.common.collect.AbstractMapBasedMultimap$KeySet                       : loaded 2 times (x 137B)
Class com.google.common.math.IntMath                                                  : loaded 2 times (x 71B)
Class com.google.common.reflect.Types$TypeVariableInvocationHandler                   : loaded 2 times (x 75B)
Class [Lcom.google.common.collect.HashBiMap$BiEntry;                                  : loaded 2 times (x 69B)
Class com.google.common.collect.ImmutableMapEntry                                     : loaded 2 times (x 85B)
Class com.google.common.base.Predicates                                               : loaded 2 times (x 71B)
Class com.google.common.base.Equivalence                                              : loaded 2 times (x 82B)
Class com.google.common.base.Function                                                 : loaded 2 times (x 70B)
Class com.google.common.collect.ImmutableMapEntry$NonTerminalImmutableMapEntry        : loaded 2 times (x 85B)
Class com.google.common.collect.IndexedImmutableSet$1                                 : loaded 2 times (x 213B)
Class com.google.common.cache.CacheBuilder$OneWeigher                                 : loaded 2 times (x 82B)
Class com.google.common.collect.RegularImmutableList                                  : loaded 2 times (x 213B)
Class com.google.common.reflect.Types$ClassOwnership$1LocalClass                      : loaded 2 times (x 71B)
Class com.google.common.collect.Maps$EntryFunction                                    : loaded 2 times (x 91B)
Class net.rubygrapefruit.platform.internal.Platform$Unsupported                       : loaded 2 times (x 79B)
Class net.rubygrapefruit.platform.internal.Platform$FreeBSD32Bit                      : loaded 2 times (x 82B)
Class org.gradle.internal.classloader.ClasspathUtil                                   : loaded 2 times (x 71B)
Class net.rubygrapefruit.platform.internal.Platform$Unix                              : loaded 2 times (x 82B)
Class com.google.common.base.Charsets                                                 : loaded 2 times (x 71B)
Class com.google.common.util.concurrent.Uninterruptibles                              : loaded 2 times (x 71B)
Class com.google.common.collect.AbstractMapBasedMultimap$WrappedSet                   : loaded 2 times (x 142B)
Class com.google.common.collect.Maps                                                  : loaded 2 times (x 71B)
Class settings_4zokqbb2yqm4zaj7tzw9emgso$_run_closure1                                : loaded 2 times (x 139B)
Class org.gradle.api.specs.Spec                                                       : loaded 2 times (x 70B)
Class com.google.common.reflect.Types$JavaVersion                                     : loaded 2 times (x 83B)
Class [Lcom.google.common.collect.ImmutableEntry;                                     : loaded 2 times (x 69B)
Class com.google.common.collect.RegularImmutableMap$KeySet                            : loaded 2 times (x 152B)
Class com.google.common.base.PairwiseEquivalence                                      : loaded 2 times (x 83B)
Class com.google.common.cache.LocalCache$LoadingValueReference                        : loaded 2 times (x 96B)
Class com.google.common.reflect.Invokable$MethodInvokable                             : loaded 2 times (x 107B)
Class com.google.common.collect.CollectSpliterators                                   : loaded 2 times (x 71B)
Class com.google.common.base.Platform                                                 : loaded 2 times (x 71B)
Class [Lorg.objectweb.asm.AnnotationWriter;                                           : loaded 2 times (x 69B)
Class com.google.common.collect.Maps$8                                                : loaded 2 times (x 82B)
Class com.google.common.base.Predicates$CompositionPredicate                          : loaded 2 times (x 88B)
Class com.google.common.collect.Lists$ReverseList$1                                   : loaded 2 times (x 99B)
Class com.google.common.collect.Sets$SetView                                          : loaded 2 times (x 138B)
Class com.google.common.cache.LocalCache$StrongValueReference                         : loaded 2 times (x 90B)
Class com.google.common.util.concurrent.AbstractFuture$SynchronizedHelper             : loaded 2 times (x 78B)
Class org.objectweb.asm.Type                                                          : loaded 2 times (x 72B)
Class org.gradle.internal.classloader.VisitableURLClassLoader$InstrumentingVisitableURLClassLoader: loaded 2 times (x 123B)
Class org.objectweb.asm.ByteVector                                                    : loaded 2 times (x 79B)
Class [Lcom.google.common.cache.CacheBuilder$NullListener;                            : loaded 2 times (x 69B)
Class com.google.common.math.IntMath$1                                                : loaded 2 times (x 71B)
Class org.gradle.internal.classloader.VisitableURLClassLoader$Spec                    : loaded 2 times (x 74B)
Class org.gradle.internal.classpath.DefaultClassPath                                  : loaded 2 times (x 90B)
Class com.google.common.reflect.Types$ClassOwnership                                  : loaded 2 times (x 80B)
Class org.objectweb.asm.Symbol                                                        : loaded 2 times (x 73B)
Class com.google.common.collect.Sets$FilteredSet                                      : loaded 2 times (x 137B)
Class com.google.common.io.Closer                                                     : loaded 2 times (x 78B)
Class com.google.common.base.CharMatcher$Ascii                                        : loaded 2 times (x 112B)
Class com.google.common.base.CharMatcher$BitSetMatcher                                : loaded 2 times (x 112B)
Class com.google.common.collect.RegularImmutableMap$Values                            : loaded 2 times (x 207B)
Class com.google.common.collect.ImmutableSet                                          : loaded 2 times (x 145B)
Class org.gradle.internal.classloader.ClassLoaderSpec                                 : loaded 2 times (x 71B)
Class net.rubygrapefruit.platform.internal.Platform$MacOs32Bit                        : loaded 2 times (x 82B)
Class net.rubygrapefruit.platform.internal.Platform$Linux64Bit                        : loaded 2 times (x 83B)
Class org.objectweb.asm.AnnotationWriter                                              : loaded 2 times (x 79B)
Class com.google.common.cache.CacheStats                                              : loaded 2 times (x 71B)
Class com.google.common.io.Closer$Suppressor                                          : loaded 2 times (x 70B)
Class org.objectweb.asm.RecordComponentWriter                                         : loaded 2 times (x 78B)
Class com.google.common.util.concurrent.AbstractFuture$Listener                       : loaded 2 times (x 72B)
Class com.google.common.base.CharMatcher$Or                                           : loaded 2 times (x 112B)
Class [Lorg.objectweb.asm.Label;                                                      : loaded 2 times (x 69B)
Class org.objectweb.asm.Attribute                                                     : loaded 2 times (x 77B)
Class com.google.common.base.Supplier                                                 : loaded 2 times (x 70B)
Class org.gradle.internal.classloader.VisitableURLClassLoader                         : loaded 2 times (x 117B)
Class com.google.common.collect.ImmutableList$SerializedForm                          : loaded 2 times (x 73B)
Class net.rubygrapefruit.platform.internal.FunctionResult$Failure                     : loaded 2 times (x 79B)
Class net.rubygrapefruit.platform.internal.NativeLibraryLoader                        : loaded 2 times (x 73B)
Class com.google.common.util.concurrent.AbstractFuture$Waiter                         : loaded 2 times (x 72B)
Class org.gradle.internal.Cast                                                        : loaded 2 times (x 71B)
Class org.gradle.api.Action                                                           : loaded 2 times (x 70B)
Class com.google.common.collect.HashBiMap                                             : loaded 2 times (x 143B)
Class com.google.common.base.Strings                                                  : loaded 2 times (x 71B)
Class com.google.common.collect.Sets                                                  : loaded 2 times (x 71B)
Class org.objectweb.asm.Handler                                                       : loaded 2 times (x 72B)
Class com.google.common.base.CharMatcher$FastMatcher                                  : loaded 2 times (x 111B)
Class com.google.common.base.Ticker                                                   : loaded 2 times (x 72B)
Class [Lcom.google.common.cache.LocalCache$Segment;                                   : loaded 2 times (x 69B)
Class com.google.common.base.Predicate                                                : loaded 2 times (x 70B)
Class [Lcom.google.common.cache.LocalCache$Strength;                                  : loaded 2 times (x 69B)
Class com.google.common.cache.CacheBuilder$1                                          : loaded 2 times (x 85B)
Class com.google.common.collect.ImmutableMap                                          : loaded 2 times (x 120B)
Class org.gradle.internal.classpath.DefaultClassPath$ImmutableUniqueList$Builder      : loaded 2 times (x 75B)
Class com.google.common.base.CharMatcher$NegatedFastMatcher                           : loaded 2 times (x 113B)
Class com.google.common.cache.LocalCache                                              : loaded 2 times (x 187B)
Class com.google.common.cache.CacheBuilder$2                                          : loaded 2 times (x 79B)
Class com.google.common.collect.ArrayListMultimap                                     : loaded 2 times (x 172B)
Class com.google.common.cache.CacheBuilder$3                                          : loaded 2 times (x 72B)
Class [Lcom.google.common.collect.AbstractMapEntry;                                   : loaded 2 times (x 69B)
Class com.google.common.collect.ImmutableEntry                                        : loaded 2 times (x 82B)
Class org.gradle.api.GradleException                                                  : loaded 2 times (x 82B)
Class com.google.common.base.Suppliers$MemoizingSupplier                              : loaded 2 times (x 79B)
Class com.google.common.collect.CollectPreconditions                                  : loaded 2 times (x 71B)
Class build_7isusb1bo626i1ob1omktz1dg$_run_closure1                                   : loaded 2 times (x 139B)
Class com.google.common.base.Equivalence$Identity                                     : loaded 2 times (x 82B)
Class com.google.common.collect.Maps$AbstractFilteredMap                              : loaded 2 times (x 127B)
Class com.google.common.collect.SortedMapDifference                                   : loaded 2 times (x 70B)
Class net.rubygrapefruit.platform.internal.NativeLibraryLocator                       : loaded 2 times (x 73B)
Class net.rubygrapefruit.platform.Process                                             : loaded 2 times (x 70B)
Class com.google.common.cache.LocalCache$WriteThroughEntry                            : loaded 2 times (x 79B)
Class com.google.common.cache.LocalCache$HashIterator                                 : loaded 2 times (x 86B)
Class com.google.common.cache.LocalCache$EntryFactory                                 : loaded 2 times (x 83B)
Class com.google.common.reflect.Types$NativeTypeVariableEquals                        : loaded 2 times (x 71B)
Class com.google.common.reflect.TypeParameter                                         : loaded 2 times (x 72B)
Class com.google.common.collect.Iterables$5                                           : loaded 2 times (x 81B)
Class com.google.common.cache.LocalCache$AbstractReferenceEntry                       : loaded 2 times (x 107B)
Class org.gradle.internal.IoActions                                                   : loaded 2 times (x 71B)
Class org.objectweb.asm.SymbolTable                                                   : loaded 2 times (x 72B)
Class com.google.common.cache.CacheLoader$InvalidCacheLoadException                   : loaded 2 times (x 82B)
Class com.google.common.collect.ImmutableSet$RegularSetBuilderImpl                    : loaded 2 times (x 77B)
Class org.gradle.internal.classloader.SystemClassLoaderSpec                           : loaded 2 times (x 71B)
Class com.google.common.collect.FluentIterable                                        : loaded 2 times (x 81B)
Class com.google.common.cache.LocalCache$StrongEntry                                  : loaded 2 times (x 108B)
Class com.google.common.util.concurrent.AbstractFuture$TrustedFuture                  : loaded 2 times (x 114B)
Class com.google.common.cache.LoadingCache                                            : loaded 2 times (x 70B)
Class com.google.common.base.Suppliers$NonSerializableMemoizingSupplier               : loaded 2 times (x 79B)
Class com.google.common.io.ByteStreams$LimitedInputStream                             : loaded 2 times (x 92B)
Class net.rubygrapefruit.platform.ProcessLauncher                                     : loaded 2 times (x 70B)
Class org.objectweb.asm.MethodWriter                                                  : loaded 2 times (x 106B)
Class [Lcom.google.common.cache.Weigher;                                              : loaded 2 times (x 69B)
Class com.google.common.collect.RegularImmutableMap$BucketOverflowException           : loaded 2 times (x 82B)
Class com.google.common.reflect.Types$JavaVersion$1                                   : loaded 2 times (x 83B)
Class com.google.common.collect.AbstractIterator$State                                : loaded 2 times (x 79B)
Class com.google.common.collect.RegularImmutableBiMap                                 : loaded 2 times (x 149B)
Class com.google.common.base.CharMatcher$Is                                           : loaded 2 times (x 111B)
Class com.google.common.base.CharMatcher$Negated                                      : loaded 2 times (x 113B)
Class com.google.common.cache.LocalCache$ValueReference                               : loaded 2 times (x 70B)
Class com.google.common.reflect.Types$JavaVersion$2                                   : loaded 2 times (x 83B)
Class com.google.common.reflect.Types                                                 : loaded 2 times (x 71B)
Class com.google.common.hash.PrimitiveSink                                            : loaded 2 times (x 70B)
Class com.google.common.base.PatternCompiler                                          : loaded 2 times (x 70B)
Class com.google.common.util.concurrent.AbstractFuture$Failure                        : loaded 2 times (x 72B)
Class com.google.common.base.Equivalence$Equals                                       : loaded 2 times (x 82B)
Class com.google.common.collect.Hashing                                               : loaded 2 times (x 71B)
Class com.google.common.base.Preconditions                                            : loaded 2 times (x 71B)
Class com.google.common.reflect.Types$JavaVersion$3                                   : loaded 2 times (x 83B)
Class com.google.common.base.Joiner$1                                                 : loaded 2 times (x 80B)
Class org.objectweb.asm.Label                                                         : loaded 2 times (x 73B)
Class org.objectweb.asm.CurrentFrame                                                  : loaded 2 times (x 73B)
Class org.objectweb.asm.ClassTooLargeException                                        : loaded 2 times (x 83B)
Class com.google.common.base.CharMatcher                                              : loaded 2 times (x 111B)
Class com.google.common.collect.PeekingIterator                                       : loaded 2 times (x 70B)
Class com.google.common.reflect.Types$JavaVersion$4                                   : loaded 2 times (x 83B)
Class com.google.common.collect.Maps$IteratorBasedAbstractMap                         : loaded 2 times (x 125B)
Class com.google.common.base.Joiner$2                                                 : loaded 2 times (x 79B)
Class org.objectweb.asm.Frame                                                         : loaded 2 times (x 73B)
Class org.objectweb.asm.MethodVisitor                                                 : loaded 2 times (x 105B)
Class com.google.common.base.CharMatcher$1                                            : loaded 2 times (x 113B)
Class com.google.common.base.CharMatcher$NamedFastMatcher                             : loaded 2 times (x 112B)
Class com.google.common.cache.LocalCache$EntryFactory$1                               : loaded 2 times (x 83B)
Class [Lcom.google.common.cache.RemovalListener;                                      : loaded 2 times (x 69B)
Class com.google.common.reflect.Types$JavaVersion$5                                   : loaded 2 times (x 71B)
Class [Lcom.google.common.reflect.Types$ClassOwnership;                               : loaded 2 times (x 69B)
Class com.google.common.cache.LocalCache$EntryFactory$2                               : loaded 2 times (x 83B)
Class org.gradle.api.internal.classpath.GlobalCacheRootsProvider                      : loaded 2 times (x 70B)
Class com.google.common.collect.Multimaps                                             : loaded 2 times (x 71B)
Class org.objectweb.asm.ModuleWriter                                                  : loaded 2 times (x 82B)
Class com.google.common.cache.LocalCache$EntryFactory$3                               : loaded 2 times (x 83B)
Class com.google.common.base.Ticker$1                                                 : loaded 2 times (x 72B)
Class com.google.common.collect.Maps$BiMapConverter                                   : loaded 2 times (x 90B)
Class com.google.common.collect.ImmutableMapEntrySet$RegularEntrySet                  : loaded 2 times (x 152B)
Class com.google.common.collect.SetMultimap                                           : loaded 2 times (x 70B)
Class net.rubygrapefruit.platform.internal.Platform$MacOs                             : loaded 2 times (x 82B)
Class net.rubygrapefruit.platform.internal.Platform$Window64Bit                       : loaded 2 times (x 79B)
Class com.google.common.base.CharMatcher$InRange                                      : loaded 2 times (x 111B)
Class com.google.common.cache.LocalCache$EntryFactory$4                               : loaded 2 times (x 83B)
Class com.google.common.collect.ImmutableSet$Builder                                  : loaded 2 times (x 85B)
Class com.google.common.io.ByteStreams$1                                              : loaded 2 times (x 85B)
Class com.google.common.cache.LocalCache$EntryFactory$5                               : loaded 2 times (x 83B)
Class com.google.common.cache.LocalCache$EntryFactory$6                               : loaded 2 times (x 83B)
Class org.gradle.internal.installation.CurrentGradleInstallationLocator               : loaded 2 times (x 71B)
Class org.objectweb.asm.ClassReader                                                   : loaded 2 times (x 94B)
Class com.google.common.collect.Maps$KeySet                                           : loaded 2 times (x 137B)
Class com.google.common.cache.LocalCache$EntryFactory$7                               : loaded 2 times (x 83B)
Class com.google.common.collect.ImmutableSet$EmptySetBuilderImpl                      : loaded 2 times (x 76B)
Class com.google.common.collect.ImmutableList                                         : loaded 2 times (x 206B)
Class org.gradle.internal.service.DefaultServiceLocator                               : loaded 2 times (x 83B)
Class com.google.common.collect.Maps$EntrySet                                         : loaded 2 times (x 136B)
Class com.google.common.cache.LocalCache$EntryFactory$8                               : loaded 2 times (x 83B)
Class com.google.common.collect.ImmutableSet$SetBuilderImpl                           : loaded 2 times (x 76B)
Class org.gradle.internal.installation.CurrentGradleInstallation                      : loaded 2 times (x 73B)
Class com.google.common.cache.CacheLoader$1                                           : loaded 2 times (x 75B)
Class com.google.common.collect.ForwardingObject                                      : loaded 2 times (x 72B)
Class com.google.common.collect.ImmutableList$SubList                                 : loaded 2 times (x 209B)
Class org.gradle.util.internal.GUtil                                                  : loaded 2 times (x 71B)
Class com.google.common.util.concurrent.AbstractFuture$SetFuture                      : loaded 2 times (x 75B)
Class com.google.common.cache.AbstractCache$StatsCounter                              : loaded 2 times (x 70B)
Class com.google.common.reflect.Types$TypeVariableImpl                                : loaded 2 times (x 72B)
Class org.objectweb.asm.Context                                                       : loaded 2 times (x 72B)
Class com.google.common.collect.Iterators$MergingIterator                             : loaded 2 times (x 81B)
Class com.google.common.collect.RegularImmutableSet                                   : loaded 2 times (x 149B)
Class org.gradle.internal.installation.GradleInstallation                             : loaded 2 times (x 75B)
Class com.google.common.collect.Iterables                                             : loaded 2 times (x 71B)
Class com.google.common.collect.Lists$RandomAccessReverseList                         : loaded 2 times (x 200B)

---------------  S Y S T E M  ---------------

OS:
 Windows 11 , 64 bit Build 26100 (10.0.26100.8115)
OS uptime: 2 days 12:00 hours
Hyper-V role detected

CPU: total 4 (initial active 4) (2 cores per cpu, 2 threads per core) family 6 model 78 stepping 3 microcode 0xf0, cx8, cmov, fxsr, ht, mmx, 3dnowpref, sse, sse2, sse3, ssse3, sse4.1, sse4.2, popcnt, lzcnt, tsc, tscinvbit, avx, avx2, aes, erms, clmul, bmi1, bmi2, rtm, adx, fma, vzeroupper, clflush, clflushopt, hv, rdtscp, f16c
Processor Information for the first 4 processors :
  Max Mhz: 2496, Current Mhz: 2396, Mhz Limit: 2396

Memory: 4k page, system-wide physical 16262M (777M free)
TotalPageFile size 31264M (AvailPageFile size 125M)
current process WorkingSet (physical memory assigned to process): 978M, peak: 1105M
current process commit charge ("private bytes"): 1212M, peak: 1505M

vm_info: OpenJDK 64-Bit Server VM (21.0.10+-14961533-b1163.108) for windows-amd64 JRE (21.0.10+-14961533-b1163.108), built on 2026-03-02T19:58:50Z by "builder" with MS VC++ 16.10 / 16.11 (VS2019)

END.
